Category,Question,Code Question,QuestionImage,Answer,Code Answer,AnswerImage,Color,WrongAnswer1,WrongAnswer2,WrongAnswer3
DSAG,What does time complexity measure in an algorithm?,-,-,How the runtime grows with the size of the input n.,-,-,-,How much memory the algorithm uses as input size increases.,The exact number of CPU instructions executed.,How fast the algorithm runs on a specific computer.
DSAG,What is the difference between time complexity and actual runtime?,-,-,Time complexity is a theoretical growth rate; actual runtime depends on hardware and implementation.,-,-,-,Time complexity always predicts the exact runtime.,"Actual runtime ignores input size, unlike time complexity.","Time complexity only applies to recursive algorithms, not iterative ones."
DSAG,What does Big-O notation represent?,-,-,The upper bound on how runtime grows — the worst-case growth rate.,-,-,-,The exact runtime of an algorithm for all inputs.,The lower bound on the number of operations required.,How long the algorithm takes on average-case inputs.
DSAG,Why do we ignore constants in Big-O analysis?,-,-,They don’t affect how runtime scales as n becomes very large.,-,-,-,Constants always stay zero in asymptotic analysis.,"Constants only matter for recursive algorithms, not iterative ones.","Constants are unknown, so we remove them arbitrarily."
DSAG,What is the time complexity of a nested loop where both loops go from 1 to n?,-,-,O(n²).,-,-,-,O(n).,O(log n).,O(n log n).
DSAG,What is the time complexity of a loop that halves n each iteration?,-,-,O(log n).,-,-,-,O(n).,O(1).,O(n²).
DSAG,What does n represent in Big-O notation?,-,-,The size of the input data.,-,-,-,The amount of available memory on the system.,The number of CPU cores available.,The number of variables declared in the algorithm.
DSAG,How do you determine the dominant term in an expression like 3n² + 5n + 10?,-,-,The n² term dominates — the time complexity is O(n²).,-,-,-,The constant term 10 dominates for large n.,All terms are equally important in Big-O and must be kept.,The linear term dominates because 5n > 3n² for small n.
DSAG,What’s the time complexity of a constant-time statement executed n times in a loop?,-,-,O(n).,-,-,-,O(1) because each statement is constant-time.,O(n²) because the statement is repeated.,O(log n) because loops scale logarithmically.
DSAG,What is the time complexity of checking every pair of elements in an array?,-,-,O(n²).,-,-,-,O(n).,O(log n).,O(n log n).
DSAG,What is the difference between worst-case and average-case time complexity?,-,-,Worst-case is the maximum time; average-case is the expected time over all inputs.,-,-,-,Average-case is always better than worst-case.,Worst-case only applies to sorting algorithms.,Average-case complexity ignores the input distribution.
DSAG,What is asymptotic analysis?,-,-,Studying algorithm growth rates as n → ∞ to understand scalability.,-,-,-,Measuring exact runtime for small input sizes.,"Analyzing memory usage only, ignoring time.",Comparing how different CPUs run the same compiled code.
DSAG,What is the meaning of log n in time complexity?,-,-,The number of times you can divide n by 2 before reaching 1.,-,-,-,The number of loops in the program.,The time it takes for the operating system to allocate memory.,The number of digits in the input value.
DSAG,Can an O(n²) algorithm ever run faster than an O(n) algorithm in practice?,-,-,"Yes, for small n or when the O(n) algorithm has large constant factors.",-,-,-,"No, because Big-O always predicts the exact runtime.",Only for infinitely large inputs.,Only if the CPU is specifically optimized for quadratic algorithms.
DSAG,What is the difference between Big-O and Big-Theta (Θ)?,-,-,Big-O gives an upper bound; Big-Theta gives a tight bound (both upper and lower).,-,-,-,Big-Theta is only used for best-case scenarios.,Big-O always equals Big-Theta for any correct algorithm.,Big-Theta is always larger than Big-O for the same function.
DSAG,"If f(n) ∈ O(g(n)) and f(n) ∈ Ω(g(n)), what can you conclude?",-,-,f(n) ∈ Θ(g(n)).,-,-,-,f(n) grows strictly slower than g(n).,f(n) grows strictly faster than g(n).,f(n) and g(n) are not asymptotically comparable.
DSAG,What does space complexity measure in an algorithm?,-,-,The amount of extra memory an algorithm uses relative to input size n.,-,-,-,How long an algorithm takes to run on the worst possible input.,The amount of memory taken by the compiled program on disk.,The total RAM available on the machine at runtime.
DSAG,What’s the difference between space complexity and time complexity?,-,-,"Space complexity measures memory usage, while time complexity measures execution time.",-,-,-,Space complexity measures both memory and time since memory affects caching.,"Time complexity is only relevant for recursive algorithms, not iterative ones.","Space complexity only applies to large inputs, while time complexity applies to all inputs."
DSAG,What is auxiliary space?,-,-,"Extra memory used by an algorithm beyond the input data (e.g., temporary arrays, recursion stack).",-,-,-,Memory used by the input array itself.,Memory used by the operating system to load the program.,"Memory allocated only on the heap, not the stack."
DSAG,What is input space?,-,-,The memory occupied by the input data itself.,-,-,-,The memory used to store temporary variables.,The memory used by the CPU cache during execution.,Additional memory allocated by the algorithm during recursion.
DSAG,What does O(1) space mean?,-,-,"The algorithm uses a constant amount of extra memory, regardless of input size.",-,-,-,The algorithm runs in constant time for all inputs.,The memory used decreases as input size increases.,The algorithm only uses stack memory and never heap memory.
DSAG,How does recursion affect space complexity?,-,-,"Each recursive call adds a new frame to the call stack, increasing memory usage.",-,-,-,Recursion always reduces memory usage because repeated work is avoided.,"Recursion only affects time complexity, not memory usage.",Recursive functions reuse a single stack frame for all recursive calls.
DSAG,What is the space complexity of iterative Fibonacci vs recursive Fibonacci?,-,-,"Iterative: O(1), Recursive: O(n) due to the call stack.",-,-,-,"Iterative: O(n), Recursive: O(1) because recursion is faster.",Both iterative and recursive Fibonacci always take O(n²) space.,Recursive Fibonacci uses O(log n) space because the recursion tree height is logarithmic.
DSAG,"How does dynamic memory allocation (e.g., new, malloc) affect space complexity?",-,-,It increases auxiliary space since extra memory is explicitly allocated.,-,-,-,It decreases space complexity because memory is allocated only when needed.,"It only affects time complexity, not space at all.",It has no impact unless the input size is extremely large.
DSAG,What is a space-time trade-off?,-,-,"When you use more memory to make an algorithm faster (e.g., using caching or precomputed tables).",-,-,-,When you reduce both time and space complexity simultaneously.,When time complexity is always sacrificed to reduce space complexity.,When memory is freed early to make the program finish faster.
DSAG,How does storing precomputed results (memoization) affect space complexity?,-,-,It increases space complexity to reduce time complexity.,-,-,-,It decreases both time and space complexity.,It has no effect on memory because results overwrite old ones.,"It only affects worst-case time complexity, not memory usage."
DSAG,"In recursion, what contributes most to space complexity?",-,-,The call stack holding local variables and return addresses.,-,-,-,The number of global variables declared in the program.,The CPU registers used for calculations.,The compiled binary file size on disk.
DSAG,What is the total space complexity formula?,-,-,Total space = Input space + Auxiliary space.,-,-,-,Total space = Auxiliary space × Input space.,Total space = Stack space − Heap space.,Total space = Algorithm time + Memory usage.
DSAG,Does passing parameters by value affect space usage?,-,-,"Yes — it duplicates the data being passed, consuming additional memory.",-,-,-,No — pass-by-value always reuses the same memory location.,"Only pointer types affect space usage, not value types.",Passing by value affects time but never space.
DSAG,Why is understanding space complexity important?,-,-,"To prevent memory overflow, stack overflow, and inefficient memory usage in large-scale systems.",-,-,-,Because space complexity determines how fast CPUs execute instructions.,Because using less space always guarantees faster algorithms.,Because space complexity tells you how much disk storage your code will require.
DSAG,What does Big-O notation represent?,-,-,The upper bound of an algorithm’s growth rate — the worst-case growth rate.,-,-,-,The exact number of operations the algorithm performs.,The best-case growth rate of the algorithm.,The total runtime including all constant factors.
DSAG,What does Big-Ω notation represent?,-,-,The lower bound of an algorithm’s growth rate — the minimum growth rate.,-,-,-,The average-case performance of the algorithm.,The tightest possible upper bound on runtime.,The total memory usage of the algorithm.
DSAG,What does Big-Θ notation represent?,-,-,A tight bound — the algorithm grows at that rate from both above and below.,-,-,-,A loose bound used only when Big-O cannot be determined.,The exact runtime of the algorithm on all inputs.,A notation used only for recursive algorithms.
DSAG,"What is the relationship among O, Ω, and Θ?",-,-,"For a function f(n), we have Ω(f(n)) ≤ Θ(f(n)) ≤ O(f(n)).",-,-,-,"For a function f(n), we have O(f(n)) ≤ Ω(f(n)) ≤ Θ(f(n)).",Θ(f(n)) is always equal to O(f(n)).,Ω(f(n)) only applies if f(n) is negative.
DSAG,"In the expression 3n² + 5n + 10, which term dominates asymptotically?",-,-,The n² term dominates asymptotically — the function is Θ(n²).,-,-,-,The constant term 10 dominates for large n.,The linear term dominates because 5n > 3n² for small n.,No term dominates because all contribute equally for large n.
DSAG,Why do we drop constants and lower-order terms in Big-O notation?,-,-,Because asymptotic analysis focuses on growth as n → ∞; constants don’t change the scaling pattern.,-,-,-,Because constants are always equal to zero in asymptotic expressions.,"Because constants only apply to recursive algorithms, not iterative ones.",Because lower-order terms are mathematically invalid in asymptotic notation.
DSAG,How would you prove that 3n + 2 ∈ O(n)?,-,-,"Show that 3n + 2 ≤ 4n for n ≥ 2, choosing c = 4 and n₀ = 2.",-,-,-,Show that 3n + 2 = n² for sufficiently large n.,Show that 3n + 2 is always less than n for all n.,Choose c = 0 so the lower-order term disappears.
DSAG,What is the formal definition of Big-O?,-,-,f(n) = O(g(n)) if there exist constants c > 0 and n₀ > 0 such that 0 ≤ f(n) ≤ c·g(n) for all n ≥ n₀.,-,-,-,f(n) = O(g(n)) only if 0 ≤ c·g(n) ≤ f(n) for all n ≥ n₀.,f(n) = O(g(n)) if f(n) eventually equals g(n) exactly for all n.,f(n) = O(g(n)) only when both functions are polynomials.
DSAG,What is the formal definition of Big-Ω?,-,-,f(n) = Ω(g(n)) if there exist c > 0 and n₀ > 0 such that 0 ≤ c·g(n) ≤ f(n) for all n ≥ n₀.,-,-,-,f(n) = Ω(g(n)) when 0 ≤ f(n) ≤ c·g(n) for all n ≥ n₀.,f(n) = Ω(g(n)) only when f(n) grows faster than n².,f(n) = Ω(g(n)) if the algorithm is recursive.
DSAG,What is the formal definition of Big-Θ?,-,-,"f(n) = Θ(g(n)) if there exist c₁, c₂ > 0 and n₀ > 0 such that c₁·g(n) ≤ f(n) ≤ c₂·g(n) for all n ≥ n₀.",-,-,-,f(n) = Θ(g(n)) only if f(n) = g(n) exactly for all n.,f(n) = Θ(g(n)) when f(n) < g(n) for all n.,f(n) = Θ(g(n)) only if c₁ = c₂.
DSAG,What do the constants c and n₀ represent in formal definitions?,-,-,c is a scaling factor for comparison; n₀ is the point after which the relationship always holds.,-,-,-,c is the runtime of the algorithm; n₀ is the size of the array.,c controls memory usage; n₀ is the number of recursion levels.,c is the slope of the time complexity line; n₀ is the y-intercept.
DSAG,"If f(n) = 5n² + 3n, what are its O, Ω, and Θ classifications?",-,-,"O(n²), Ω(n²), and Θ(n²).",-,-,-,"O(n), Ω(n³), and Θ(n).","O(n²), Ω(n), and Θ(1).","O(1), Ω(1), and Θ(n²)."
DSAG,"If f(n) = n log n + n, what is its Big-O classification?",-,-,O(n log n).,-,-,-,O(n²).,O(log n).,O(n).
DSAG,Why can O(n²) also describe an O(n) algorithm?,-,-,Because Big-O is an upper bound — the set of O(n) functions is a subset of O(n²).,-,-,-,Because Big-O always describes the smallest possible bound.,Because n² is always smaller than n for sufficiently large n.,Because O(n²) applies only to best-case scenarios.
DSAG,What does it mean if f(n) ∈ Θ(g(n))?,-,-,f(n) and g(n) grow at the same rate asymptotically (within constant factors).,-,-,-,f(n) always grows faster than g(n) for large n.,g(n) is an upper bound but not a lower bound for f(n).,f(n) must be constant for large enough n.
DSAG,What is asymptotic dominance?,-,-,"If g(n) = O(f(n)), then f(n) dominates g(n) for large n.",-,-,-,"If f(n) = O(g(n)), then f(n) dominates g(n) for large n.",Dominance only occurs if both functions are linear.,Dominance means both functions have identical growth rates.
DSAG,Is Big-O analysis exact or approximate?,-,-,"Approximate — it describes order of growth, not exact timings.",-,-,-,Exact — it gives the precise number of operations.,Exact — it reflects the real runtime on the machine.,Exact — it ignores all lower-order terms but keeps constants.
DSAG,"If f(n) ∈ O(g(n)) and f(n) ∈ Ω(g(n)), what can you conclude?",-,-,f(n) ∈ Θ(g(n)).,-,-,-,f(n) grows slower than g(n).,f(n) grows faster than g(n).,f(n) is not comparable to g(n) asymptotically.
DSAG,What does worst-case time complexity measure?,-,-,The maximum possible time an algorithm could take for any input of size n.,-,-,-,The time the algorithm takes on the most likely input.,The exact runtime on average inputs.,The minimum time the algorithm could take.
DSAG,What does best-case time complexity measure?,-,-,The minimum time an algorithm could take for the easiest possible input.,-,-,-,The fastest runtime the hardware can achieve.,The expected runtime averaged over all inputs.,The slowest runtime for any input.
DSAG,What does average-case time complexity measure?,-,-,"The expected running time over all possible inputs, assuming a probability distribution.",-,-,-,The worst-case runtime divided by 2.,The runtime for the input the programmer thinks is typical.,The runtime of the algorithm when constants are ignored.
DSAG,Why is worst-case analysis often preferred?,-,-,It guarantees performance bounds regardless of input.,-,-,-,Worst-case always equals average-case complexity.,Worst-case only applies to recursive algorithms.,Worst-case complexity automatically gives best-case complexity too.
DSAG,What is the average-case complexity of linear search?,-,-,"O(n), because on average half the elements are checked.",-,-,-,"O(1), because the element could be at index 0.","O(log n), because probability reduces the search space.","O(n²), because all pairs of elements might need checking."
DSAG,What is the worst-case complexity of binary search?,-,-,O(log n).,-,-,-,O(n).,O(1).,O(n log n).
DSAG,What is the average-case complexity of binary search?,-,-,O(log n).,-,-,-,"O(n), because half the array is checked.","O(1), because the pivot is in the middle.","O(n²), because recursive calls happen repeatedly."
DSAG,What does amortized complexity measure?,-,-,The average cost per operation over a sequence of operations.,-,-,-,The runtime averaged over many random inputs.,The worst-case runtime of a single operation.,The best-case runtime assuming perfectly ordered input.
DSAG,When is amortized analysis useful?,-,-,When most operations are cheap but some are occasionally expensive.,-,-,-,When every operation always takes the same amount of time.,When you want to guarantee the worst-case runtime of every operation.,When analyzing only recursive algorithms.
DSAG,Give an example of an algorithm with amortized O(1) operations.,-,-,Dynamic array push_back (like std::vector or List<T>).,-,-,-,Heap insertion in a binary heap.,Binary search on a sorted array.,Merge sort on an array.
DSAG,How does amortized O(1) work for dynamic array insertion?,-,-,Most inserts take O(1); resizing takes O(n) but happens rarely enough that the average cost per insert stays constant.,-,-,-,Every insert is O(1) because resizing never happens.,"Resizing is O(log n), so inserts are logarithmic.",The insert cost decreases as the array gets bigger.
DSAG,What are the three common methods of amortized analysis?,-,-,"Aggregate method, accounting method, and potential method.",-,-,-,"Recursive method, iterative method, and probabilistic method.","Lower bound, tight bound, and upper bound methods.","Divide-and-conquer, greedy, and dynamic programming methods."
DSAG,What’s the amortized complexity of inserting n elements into a dynamic array that doubles when full?,-,-,"O(n) total time, which is O(1) amortized per insertion.",-,-,-,"O(n²) total time, which is O(n) amortized per insertion.","O(log n) total time, which is O(1/log n) amortized per insertion.","O(n log n) total time, which is O(log n) amortized per insertion."
DSAG,What is the difference between average-case and amortized complexity?,-,-,Average-case is expected time over all inputs; amortized is average time over a sequence of operations on one input.,-,-,-,They are identical for all algorithms.,Amortized complexity is always worse than average-case complexity.,Average-case complexity ignores input distribution completely.
DSAG,Why is amortized analysis important for data structures?,-,-,It ensures performance stability for operations even when some individual operations are occasionally expensive.,-,-,-,It guarantees the best-case time for all operations.,It eliminates worst-case scenarios entirely.,It only applies to algorithms that use recursion.
DSAG,Give another example of amortized O(1) behavior besides dynamic arrays.,-,-,Stack push and pop operations in an array-based stack.,-,-,-,Breadth-first search on a graph.,Matrix multiplication using the standard algorithm.,Merge sort’s merging phase.
DSAG,What is the amortized complexity of enqueue and dequeue in a two-stack queue implementation?,-,-,O(1) amortized for both enqueue and dequeue.,-,-,-,O(n²) amortized for both operations.,O(log n) amortized for both operations.,O(n log n) amortized for both operations.
DSAG,Which type of complexity is best for guaranteeing real-time performance?,-,-,Worst-case complexity.,-,-,-,Best-case complexity.,Amortized complexity.,Average-case complexity only.
DSAG,Which type of complexity is most realistic for expected behavior in general-purpose apps?,-,-,Average-case complexity.,-,-,-,Worst-case complexity.,Best-case complexity.,"Amortized complexity, regardless of workload."
DSAG,"Which type of complexity gives a balanced, long-term cost view for repeated operations?",-,-,Amortized complexity.,-,-,-,Best-case complexity.,Space complexity only.,Worst-case complexity because it’s pessimistic.
DSAG,What does the aggregate method mean in amortized analysis?,-,-,Total cost of n operations divided by n gives the amortized cost per operation.,-,-,-,The sum of the worst-case costs only.,The maximum cost of any single operation in the sequence.,Counting only the cheapest operations in the sequence.
DSAG,What’s the amortized cost of doubling array capacity each time it’s full?,-,-,O(1) amortized per insertion.,-,-,-,O(n²) per insertion.,O(log n) per insertion.,O(n) amortized per insertion.
DSAG,What is the main takeaway from amortized analysis?,-,-,Occasional expensive operations don’t break overall efficiency if they are sufficiently rare.,-,-,-,Worst-case time becomes irrelevant in all analyses.,All operations must be constant-time in the worst case.,The algorithm must be recursive to use amortized analysis.
DSAG,What is the defining characteristic of an array’s memory layout?,-,-,Elements are stored in a contiguous block of memory.,-,-,-,Elements are allocated in random positions but indexed with a hash.,Elements are always stored on the stack only.,Each element stores a pointer to the next element.
DSAG,What is the difference between static and dynamic arrays?,-,-,Static arrays have fixed size; dynamic arrays grow via heap allocation.,-,-,-,Static arrays store values on disk.,Dynamic arrays cannot store primitive types.,Static arrays are slower due to fixed size.
DSAG,"Why can C++ raw arrays not resize, but vector can?",-,-,vector reallocates when capacity is exceeded.,-,-,-,vector stores elements in non-contiguous memory.,Raw arrays secretly double size at runtime.,Compiler resizes raw arrays automatically.
DSAG,What happens during dynamic array resizing?,-,-,New larger memory block allocated; copy elements; free old block.,-,-,-,Old block grows without moving memory.,Only metadata updates; data stays same.,Elements reallocate individually.
DSAG,Why is dynamic array insertion amortized O(1)?,-,-,Most inserts are O(1); resizes are rare.,-,-,-,Resizing never exceeds O(1).,Dynamic arrays preallocate infinite capacity.,Inserts get faster as size grows.
DSAG,What happens indexing out of bounds in C++ vs C#?,-,-,C++: UB; C#: throws IndexOutOfRangeException.,-,-,-,Both always crash.,C++ wraps indices.,C# returns default value.
DSAG,Why do arrays generally have better CPU cache locality than linked lists?,-,-,Sequential memory improves caching.,-,-,-,Linked lists disable caching.,Arrays stored in CPU registers.,Linked lists share same cache line.
DSAG,Why does C# enforce array bounds checking at runtime?,-,-,Managed runtime prioritizes safety.,-,-,-,C# stores arrays in kernel memory.,C++ checks bounds only in debug.,C# arrays immutable.
DSAG,How does the .NET CLR internally store the length of a C# array?,-,-,In object header before first element.,-,-,-,Inside each element.,In global runtime table.,At array tail.
DSAG,"What is a string in low-level terms, independent of any specific programming language?",-,-,"A sequence of characters stored contiguously, often ending with '\0'.",-,-,-,A linked list of characters stored randomly.,A hash table mapping indices to characters.,A structure storing each character as a separate heap object.
DSAG,Why are strings immutable in C#?,-,-,"To ensure safety, allow interning, and prevent side effects.",-,-,-,Because immutable types use less memory.,Because CLR cannot modify heap objects.,Because strings are stored in ROM.
DSAG,How does string concatenation behave in C#?,-,-,Creates a new string each time.,-,-,-,Modifies original string.,Updates only last character.,Uses one global buffer.
DSAG,Why is StringBuilder recommended over string concatenation in C#?,-,-,Uses a mutable internal buffer.,-,-,-,Stores chars on stack.,Compresses repeated chars.,Uses GPU for speed.
DSAG,Why does calling string.Replace() in C# always create a new string instead of modifying the original one?,-,-,Strings immutable → new allocation.,-,-,-,Uses pointer arithmetic.,Sorts characters.,Mutates changed chars only.
DSAG,Why should the expression s += value be avoided inside a loop in C#?,-,-,Allocates new string each time → O(n^2).,-,-,-,Forces GC every iteration.,Reverses characters.,Locks thread.
DSAG,"Why is it possible to reverse a string in place in C++, but not in C#?",-,-,C++ mutable; C# requires char[].,-,-,-,C# doesn't allow arrays.,C++ stores chars in linked list.,C# strings in registers.
DSAG,What is the difference in performance cost between substring operations in C++ and C#?,-,-,C++ may copy; C# always allocates.,-,-,-,Both reuse memory always.,C# uses rope structure.,C++ uses GPU memory.
DSAG,What is string interning in the context of .NET and C#?,-,-,Dedup identical literals to share instance.,-,-,-,Compressing strings.,Uppercasing characters.,Storing reversed strings.
DSAG,Why is string interning beneficial in C#?,-,-,Saves memory and speeds equality.,-,-,-,Eliminates all allocations.,Makes all compares O(1).,Forces immutability.
DSAG,Why is std::string in C++ considered unsafe for multithreaded modifications?,-,-,Mutable → data races.,-,-,-,Stored in thread-local storage.,Resizes across threads.,Copies to every thread.
DSAG,What does StringBuilder do internally in C#?,-,-,Growable buffer with minimal reallocations.,-,-,-,Linked list of chars.,Rewrites buffer each append.,Stores in 2D matrix.
DSAG,"Why is it impossible to modify a C# string in place, such as reversing it directly?",-,-,Immutable → cannot modify chars.,-,-,-,C# forbids arrays.,Stored in GPU VRAM.,Char sizes vary.
DSAG,What steps must be taken if you want to modify individual characters of a string in C#?,-,-,"Convert to char[], modify, recreate.",-,-,-,Unlock using fixed.,Flush CLR cache.,Enable unsafe globally.
DSAG,Why is using a raw char* pointer in C or C++ considered dangerous,-,-,"Risk of overruns, UB, leaks.",-,-,-,Cannot point to heap.,Frees memory automatically.,Deletes object on assignment.
DSAG,Why is UTF-16 relevant to how C# stores its strings internally?,-,-,Strings store UTF-16 code units.,-,-,-,Each char stores Unicode index.,Strings use UTF-8.,Each char 32-bit.
DSAG,Why can substring operations in C++ be unexpectedly costly depending on implementation details?,-,-,May trigger reallocation based on SSO.,-,-,-,Starts hashing 10x more.,Writes to CPU registers.,Reorders bytes randomly.
DSAG,What does in-place array reversal mean in algorithm design?,-,-,Reversing the elements inside the same array without using extra memory. The original array is modified directly.,-,-,-,Creating a new reversed array and discarding the old one.,Reversing only half of the array in memory.,Writing the reversed array to disk instead of RAM.
DSAG,"In array reversal, why is the two-pointer technique commonly used?",-,-,Because it swaps elements from both ends and converges toward the center in O(n) time.,-,-,-,Because it reduces memory access to O(log n).,Because it sorts the array automatically.,Because it avoids using loops entirely.
DSAG,What are the time and space complexities of in-place array reversal?,-,-,Time complexity is O(n) and space complexity is O(1).,-,-,-,"Time O(n²), space O(n).","Time O(1), space O(n).","Time O(log n), space O(log n)."
DSAG,Why does array reversal require swapping until the two pointers meet or cross?,-,-,Because swapping beyond the midpoint would undo the reversal.,-,-,-,Because arrays become unstable after midpoint.,Because CPU caches cannot handle second half swaps.,Because memory becomes non-contiguous after midpoint.
DSAG,"In C++, how is array reversal implemented using pointer arithmetic?",-,-,By swapping *left and *right while incrementing left and decrementing right.,-,-,-,By reallocating the array in reverse order.,By using delete on the original array.,By shifting elements instead of swapping.
DSAG,"In C#, how is in-place array reversal typically implemented?",-,-,By using two indices and swapping elements with a temporary variable.,-,-,-,By reassigning the array reference.,By using garbage collection.,By creating a linked list internally.
DSAG,Why is array reversal a good introduction to two-pointer techniques?,-,-,Because it demonstrates symmetric pointer movement and value swapping.,-,-,-,Because it requires recursion.,Because it uses dynamic programming.,Because it is a sorting algorithm.
DSAG,What error occurs if you only move one pointer during array reversal?,-,-,The array will not be fully reversed.,-,-,-,The array will be reversed twice.,The program will crash immediately.,The compiler will optimize the other pointer movement.
DSAG,Why should array reversal usually be done in-place instead of using a new array?,-,-,To reduce extra memory usage from O(n) to O(1).,-,-,-,Because new arrays have slower lookup speed.,Because compilers forbid extra arrays.,Because new arrays break cache locality entirely.
DSAG,"In the problem ""Reverse String"", what algorithmic pattern is being tested?",-,-,The two-pointer pattern for in-place reversal.,-,-,-,Hash map traversal.,Sliding window technique.,Dynamic programming.
DSAG,Why does reversing an array of length 0 or 1 do nothing?,-,-,Because there are no two distinct indices to swap.,-,-,-,Because such arrays are immutable.,Because single-element arrays cannot be accessed.,Because the compiler skips the function automatically.
DSAG,What happens if array reversal swaps elements beyond the midpoint?,-,-,The array returns to its original order or becomes incorrectly modified.,-,-,-,The array becomes partially sorted.,The array doubles in size.,The array deletion is triggered.
DSAG,Why is recursion usually avoided for array reversal in interviews?,-,-,Because it adds unnecessary stack space compared to an iterative solution.,-,-,-,Because recursion is slower in C++.,Because recursion cannot reverse arrays.,Because recursion changes array values.
DSAG,Why is in-place array reversal considered a basic building block in algorithms?,-,-,"Because it is used in array rotation, word reversal, and many other transformations.",-,-,-,Because it replaces most sorting algorithms.,Because it eliminates the need for loops.,Because it compresses memory.
DSAG,What does array rotation to the right by k positions mean?,-,-,Each element moves k positions to the right and wraps around from the end to the front.,-,-,-,Shifting elements right and discarding the last k values.,Reversing the entire array k times.,Sorting the array in reverse order.
DSAG,Why do array rotation algorithms compute k modulo n?,-,-,Because rotating by n or multiples of n leaves the array unchanged.,-,-,-,To reduce memory usage.,To improve CPU cache efficiency.,To convert the array into a circular buffer.
DSAG,What are the time and space complexities of in-place array rotation using the reversal algorithm?,-,-,Time complexity is O(n) and space complexity is O(1).,-,-,-,Time complexity is O(n²) and space complexity is O(1).,Time complexity is O(log n) and space complexity is O(n).,Time complexity is O(n) and space complexity is O(n).
DSAG,How does the reversal algorithm perform array rotation?,-,-,"It reverses the whole array, then reverses two segments to achieve the final rotated order.",-,-,-,It reverses only the first k elements.,It swaps adjacent elements repeatedly.,It uses recursion to rebuild the array.
DSAG,Why is repeated single-step shifting inefficient for array rotation?,-,-,Because it results in O(n × k) time complexity.,-,-,-,Because it causes memory fragmentation.,Because it increases stack memory usage.,Because compilers cannot optimize it.
DSAG,"In the problem ""Rotate Array"", what algorithmic concept is being tested?",-,-,In-place array rotation using index manipulation and the reversal algorithm.,-,-,-,Sliding window technique.,Hash map indexing.,Dynamic programming.
DSAG,Why is array rotation considered a circular shift operation?,-,-,Because elements that move past the end reappear at the beginning.,-,-,-,Because arrays are physically stored in circular memory.,Because modulo operations are optional.,Because rotation always ends at index zero.
DSAG,"In C++, how can array rotation be implemented without allocating extra memory?",-,-,By using pointer arithmetic and the reversal method.,-,-,-,By reallocating the array dynamically.,By copying the data into a linked list.,By repeatedly using new and delete.
DSAG,"In C#, how is safe array rotation typically implemented?",-,-,By using index-based element swapping with runtime bounds checking.,-,-,-,By using unsafe pointers directly.,By modifying the garbage collector.,By treating arrays as stack objects.
DSAG,Why must the modulo operator be used in correct array rotation implementations?,-,-,To correctly handle cases where k is larger than the array length.,-,-,-,To speed up pointer arithmetic.,To reduce CPU instructions.,To enable multithreading.
DSAG,How does array rotation preserve the relative order of elements?,-,-,Because all elements shift uniformly by the same offset.,-,-,-,Because rotation automatically sorts elements locally.,Because CPU caching fixes ordering.,Because pointers automatically realign.
DSAG,Why is array rotation important in systems like circular buffers?,-,-,Because it simulates cyclic behavior without physically moving memory.,-,-,-,Because it reduces memory size.,Because it resets all memory addresses.,Because it avoids memory allocation.
DSAG,What happens when rotating an array of length zero or one?,-,-,The array remains unchanged.,-,-,-,The array becomes null.,The array doubles in size.,The array gets reversed automatically.
DSAG,What is a common beginner mistake when implementing array rotation algorithms?,-,-,Forgetting to apply k modulo n before rotating.,-,-,-,Declaring arrays as const.,Using temporary variables.,Using while loops instead of for loops.
DSAG,Why should array rotation algorithms avoid allocating new arrays?,-,-,To keep space complexity at O(1) and reduce memory overhead.,-,-,-,Because new arrays reduce arithmetic speed.,Because new arrays cannot store rotated data.,Because memory allocation breaks pointer arithmetic.
DSAG,What is the two-pointer technique in array processing algorithms?,-,-,Using two indices that move through the array to solve a problem in one pass.,-,-,-,Using recursion to process arrays.,Using two separate arrays to store results.,Scanning the array multiple times with nested loops.
DSAG,Why is the two-pointer technique especially effective when working with sorted arrays?,-,-,Because sorted order lets pointers skip unnecessary comparisons and move only forward.,-,-,-,Because sorted arrays use less memory.,Because sorted arrays eliminate the need for loops.,Because sorting automatically removes duplicates.
DSAG,"In a two-pointer algorithm, what is the conceptual role of the fast pointer?",-,-,To scan ahead and search for values that satisfy a condition.,-,-,-,To always move at twice the speed.,To track memory allocation.,To mark elements for deletion and free memory blocks.
DSAG,"In a two-pointer algorithm, what is the conceptual role of the slow pointer?",-,-,To track where valid elements should be placed or compacted.,-,-,-,To skip invalid memory regions.,To count how many iterations have occurred.,To permanently remove elements from the array.
DSAG,Why does using two pointers often reduce time complexity compared to nested loops?,-,-,"Because each pointer scans the array only once, resulting in linear time.",-,-,-,Because pointers run in parallel threads.,Because it removes all loop overhead.,Because it shifts complexity to the compiler.
DSAG,How does the two-pointer technique allow efficient in-place modification of arrays?,-,-,By reusing the same array memory without allocating extra space.,-,-,-,By storing intermediate results in cache.,By creating temporary arrays internally.,By flushing old values from RAM.
DSAG,Why does the slow pointer in compaction problems represent the boundary of valid elements?,-,-,Because all elements before the slow pointer have already been validated.,-,-,-,Because it always points to the last element.,Because it counts the total number of duplicates.,Because it controls memory deallocation.
DSAG,Why is pointer movement order important in two-pointer array algorithms?,-,-,Because incorrect pointer movement can overwrite values or skip elements.,-,-,-,Because CPUs require fixed movement order.,Because pointers become invalid if moved backward.,Because the compiler enforces pointer order.
DSAG,Why must index boundaries be carefully managed in two-pointer algorithms?,-,-,Because accessing indices outside bounds leads to incorrect results or runtime errors.,-,-,-,Because arrays resize automatically.,Because pointers ignore out-of-range access.,Because indices beyond range return default values.
DSAG,What types of array problems are best suited for two-pointer approaches?,-,-,"Problems involving ordered traversal, comparison, or compaction of elements.",-,-,-,Problems that require recursion or backtracking.,Problems involving graph traversal only.,Problems that require heavy mathematical computation.
DSAG,"In the problem ""Remove Duplicates from Sorted Array"", what transformation must be applied to the input array?",-,-,The array must be modified so each unique element appears once at the front.,-,-,-,The array must be sorted again.,The array must be duplicated and filtered.,All duplicate values must be deleted from memory.
DSAG,"Why does ""Remove Duplicates from Sorted Array"" require returning the new length instead of a new array?",-,-,Because the problem enforces an in-place solution with constant extra space.,-,-,-,Because returning arrays is not allowed in C++.,Because the array becomes immutable.,Because memory reallocation is forbidden by operating systems.
DSAG,Why does the sorted property of the input array make duplicate removal easier?,-,-,Because duplicate values appear consecutively and can be detected by comparison.,-,-,-,Because sorted arrays have no duplicates.,Because sorting removes the need for pointer logic.,Because sorted arrays store metadata for duplicates.
DSAG,"In ""Remove Duplicates from Sorted Array"", when should the slow pointer advance?",-,-,When a new unique value different from the previous one is found.,-,-,-,On every iteration of the loop.,Only when a duplicate is detected.,When values start decreasing.
DSAG,"In ""Remove Duplicates from Sorted Array"", why does comparing nums[fast] with nums[slow] correctly identify duplicates?",-,-,Because slow always points to the last unique value placed.,-,-,-,Because fast always points to the array end.,Because sorted arrays store duplicate flags.,Because compilers optimize duplicate comparisons.
DSAG,"After executing ""Remove Duplicates from Sorted Array"", what happens to elements beyond the returned length?",-,-,They are ignored and their values no longer matter.,-,-,-,They must be set to zero.,They are physically removed from memory.,They must be resorted in descending order.
DSAG,"Why does ""Remove Duplicates from Sorted Array"" enforce an in-place solution?",-,-,To achieve constant extra space complexity and modify the original array directly.,-,-,-,Because LeetCode forbids dynamic memory.,Because in-place operations are always faster.,Because arrays cannot be copied in C#.
DSAG,How would the duplicate removal strategy change if the input array were unsorted?,-,-,It would require hashing or sorting before applying two pointers.,-,-,-,You could just reverse the array.,You could ignore duplicates entirely.,The two-pointer technique would no longer exist.
DSAG,"Why does the two-pointer approach for ""Remove Duplicates from Sorted Array"" run in linear time?",-,-,Because each pointer moves forward at most n times.,-,-,-,Because sorting accelerates traversal.,Because binary search is used internally.,Because duplicates reduce computation cost.
DSAG,"Why does the two-pointer approach for ""Remove Duplicates from Sorted Array"" use constant extra space?",-,-,Because it only uses a fixed number of index variables regardless of input size.,-,-,-,Because arrays compress themselves automatically.,Because extra memory is stored in CPU cache.,Because sorting reallocates memory internally.
DSAG,"In the problem ""Move Zeroes"", what transformation must be applied to the array?",-,-,All zero values must be moved to the end while preserving non-zero order.,-,-,-,All values must be sorted.,All zero values must be deleted from memory.,Zeros must be swapped randomly until they reach the end.
DSAG,"Why must ""Move Zeroes"" preserve the relative order of non-zero elements?",-,-,Because the problem requires stable compaction of non-zero values.,-,-,-,Because CPU caches require it.,Because unstable algorithms always fail.,Because zero values have lower priority.
DSAG,"In a two-pointer solution for ""Move Zeroes"", what does the slow pointer represent?",-,-,The index where the next non-zero value should be placed.,-,-,-,The current position being scanned.,The number of swaps performed.,The last index of the array.
DSAG,"In ""Move Zeroes"", what is the purpose of the fast pointer?",-,-,To scan through the array and detect non-zero elements.,-,-,-,To track how many zeros have been moved.,To keep the array sorted.,To measure array performance.
DSAG,Why is it inefficient to swap immediately every time a zero is encountered?,-,-,Because it causes unnecessary swaps and increases constant overhead.,-,-,-,Because swaps cannot be undone.,Because zero values are immutable.,Because pointers cannot move backwards.
DSAG,"In ""Move Zeroes"", what operation should occur when nums[fast] is non-zero?",-,-,It should be copied or swapped into the position pointed by the slow pointer.,-,-,-,It should be stored in a new array.,It should be ignored until the end.,It should be converted to a boolean value.
DSAG,"Why does ""Move Zeroes"" represent a stable compaction problem?",-,-,Because it preserves the relative order of all non-zero elements.,-,-,-,Because it never modifies the array.,Because the array is always sorted.,Because the problem uses recursion.
DSAG,"Why does the two-pointer solution for ""Move Zeroes"" maintain O(n) time complexity?",-,-,Because each index moves forward at most once through the array.,-,-,-,Because zeros are easy to detect.,Because sorting is applied first.,Because it uses hash maps.
DSAG,"What edge cases must be handled correctly in a ""Move Zeroes"" implementation?",-,-,"Arrays with no zeros, all zeros or mixed values must all work correctly.",-,-,-,Only arrays with odd length.,Only arrays with sorted elements.,Only arrays with more than ten elements.
DSAG,"Why is in-place modification important for ""Move Zeroes""?",-,-,Because it avoids allocating additional memory and preserves input structure.,-,-,-,Because in-place operations are always faster.,Because new arrays cannot store zeros.,Because the OS disallows multiple arrays.
DSAG,"In C++, how does pointer arithmetic support two-pointer array algorithms?",-,-,By allowing direct memory addressing and efficient movement across elements.,-,-,-,By preventing out-of-bounds access.,By removing the need for indices.,By converting arrays into linked lists.
DSAG,Why must pointer bounds be manually checked in C++ two-pointer implementations?,-,-,Because C++ does not perform automatic bounds checking at runtime.,-,-,-,Because the compiler refuses to check them.,Because pointer arithmetic is always unsafe.,Because arrays shrink automatically.
DSAG,How can an in-place element swap be implemented safely using pointers in C++?,-,-,By using a temporary variable and ensuring pointers reference valid memory.,-,-,-,By reallocating memory blocks.,By relying on undefined behavior.,By swapping raw memory addresses directly.
DSAG,"In C#, how do two-pointer array algorithms differ from C++ implementations?",-,-,C# uses bounds-checked index access instead of raw pointer arithmetic.,-,-,-,C# disables pointer logic entirely.,C# performs automatic two-pointer optimization.,C# stores arrays on the stack only.
DSAG,Why is bounds-checking in C# important for two-pointer array algorithms?,-,-,It prevents runtime memory access violations by restricting invalid indices.,-,-,-,It improves execution speed significantly.,It automatically fixes logic errors.,It prevents arrays from being resized.
DSAG,Why do C# two-pointer implementations typically use indices instead of raw pointers?,-,-,Because pointers require unsafe code while indices are safe and managed.,-,-,-,Because pointers are deprecated in C#.,Because indices run faster in unmanaged code.,Because the CLR forbids pointer memory.
DSAG,Why is the two-pointer technique considered a greedy algorithm pattern?,-,-,Because it makes local decisions at each step that lead toward a global solution.,-,-,-,Because it explores all possibilities.,Because it uses backtracking.,Because it chooses random elements.
DSAG,Why do two-pointer algorithms often outperform nested loops on large arrays?,-,-,Because they avoid repeated scanning and reduce time complexity to linear.,-,-,-,Because they use parallel processing.,Because smaller arrays are easier to process.,Because the compiler replaces loops automatically.
DSAG,What characteristics indicate that a problem is suitable for a two-pointer solution?,-,-,A linear structure with conditions that can be checked through progressive scanning.,-,-,-,Problems involving trees only.,Problems requiring recursion always.,Problems that modify memory allocation.
DSAG,Why is two-pointer commonly used for array filtering and compaction problems?,-,-,Because it allows efficient in-place rearrangement while scanning only once.,-,-,-,Because it reduces memory speed.,Because compaction requires recursion.,Because arrays cannot be filtered otherwise.
DSAG,What is the sliding window technique in array and string algorithms?,-,-,A technique that processes a contiguous range while moving its boundaries across the input.,-,-,-,A sorting technique.,A method that divides arrays into fixed blocks without overlap.,A recursion-based method that recalculates results for every window.
DSAG,How does the sliding window technique differ from the general two-pointer technique?,-,-,"Sliding window maintains a contiguous range, while two pointers can operate independently.",-,-,-,Sliding window always runs in constant time.,Two pointers always require recursion.,Sliding window only works for linked lists.
DSAG,"In sliding window algorithms, what do the left and right pointers represent?",-,-,They represent the start and end boundaries of the current window.,-,-,-,They represent memory addresses in the heap.,They represent the minimum and maximum values in the array.,They represent two independent traversal loops with no relation.
DSAG,Why is sliding window described as a dynamic window instead of a static range?,-,-,Because the window can expand and shrink based on conditions.,-,-,-,Because it always changes size randomly.,Because it reallocates memory during execution.,Because static windows require recursion to work.
DSAG,What is the difference between a fixed-size sliding window and a variable-size sliding window?,-,-,"A fixed window keeps constant size, while a variable window changes size based on conditions.",-,-,-,Fixed windows only work on strings.,Variable windows use recursion instead of loops.,Both have identical behavior but different names.
DSAG,Why does the sliding window pattern often reduce time complexity from O(n²) to O(n)?,-,-,Because each pointer moves forward at most n times.,-,-,-,Because sliding window removes all loops.,Because CPU caching automatically accelerates the algorithm.,Because the compiler parallelizes the window operations.
DSAG,What type of problem usually indicates that sliding window is an appropriate technique?,-,-,Problems involving contiguous subarrays or substrings with constraints.,-,-,-,Problems involving graph traversal.,Problems requiring tree rotations only.,Problems that require full sorting first.
DSAG,Why does sliding window avoid recomputation that brute-force methods perform?,-,-,Because it updates results incrementally instead of recalculating each window.,-,-,-,Because sliding windows store results permanently on disk.,Because recomputation is disabled by the OS.,Because compilers skip repeated iterations.
DSAG,"In sliding window algorithms, why must both pointers only move forward?",-,-,To ensure linear time complexity without revisiting elements.,-,-,-,Because pointers cannot move backward in memory.,Because backward movement corrupts array data.,Because forward-only movement enables multithreading.
DSAG,Why is sliding window considered a space-efficient optimization?,-,-,Because it uses constant extra space while reusing variables.,-,-,-,Because it stores results in global memory.,Because it avoids storing any intermediate state.,Because it compresses the input data automatically.
DSAG,"In fixed-size sliding window problems, what property of the window remains constant?",-,-,The number of elements inside the window.,-,-,-,The sum of elements.,The minimum and maximum values.,The physical memory address of the array.
DSAG,Why is a running sum or running count commonly used in fixed sliding window implementations?,-,-,To update window results in O(1) time when the window moves.,-,-,-,To store all window results in memory.,To make the algorithm recursive.,To avoid conditional logic in loops.
DSAG,How does a fixed sliding window update its sum efficiently when shifting one position to the right?,-,-,By subtracting the outgoing element and adding the incoming one.,-,-,-,By recomputing the entire sum.,By reversing the window.,By swapping elements inside the window.
DSAG,Why is fixed window sliding preferred over recalculating sums from scratch?,-,-,Because recomputing each window leads to unnecessary repeated work.,-,-,-,Because fixed windows cannot use loops.,Because recalculation is slower only in functional languages.,Because the CPU forbids repeated summation.
DSAG,What happens if a fixed-size sliding window exceeds array boundaries?,-,-,It causes invalid memory access or runtime errors.,-,-,-,It automatically resizes the array.,It wraps around to the beginning.,It converts the array into a circular buffer.
DSAG,What defines a variable-size sliding window in algorithm design?,-,-,A sliding window whose size changes based on a condition.,-,-,-,A window that always grows and never shrinks.,A window that works only on dynamic arrays.,A static block of fixed elements in memory.
DSAG,"In variable sliding window algorithms, under what condition should the left pointer move?",-,-,When the current window violates the required condition.,-,-,-,When the window reaches the end of the array.,When the sum becomes zero.,When the array is reversed.
DSAG,Why is an inner loop often required when shrinking a variable-size sliding window?,-,-,Because multiple consecutive elements may violate the constraint.,-,-,-,Because C++ requires nested loops.,Because pointer operations are not atomic.,Because windows always expand first.
DSAG,Why does repeatedly shrinking a sliding window still maintain linear time complexity?,-,-,Because each element is added and removed from the window at most once.,-,-,-,Because shrinking operations are ignored by the compiler.,Because the CPU optimizes window resizing.,Because shrinking does not affect pointer movement.
DSAG,What is the main difficulty when managing window expansion and contraction correctly?,-,-,Maintaining correct condition checks while moving both pointers.,-,-,-,Allocating memory for each new window.,Tracking all past window values.,Ensuring the array is sorted before sliding.
DSAG,"In ""Maximum Average Subarray I"", what does the sliding window compute over the array?",-,-,A fixed-length subarray whose average value is maximized.,-,-,-,A variable-length subarray with the smallest sum.,Any subarray whose elements are all positive.,The longest subarray with strictly increasing values.
DSAG,"Why does ""Maximum Average Subarray I"" use a fixed-size sliding window?",-,-,Because the length of the subarray is given and must not change.,-,-,-,Because the array is guaranteed to be sorted.,Because fixed-size windows are always faster than variable windows.,Because variable-size windows cannot handle averages.
DSAG,"How is the average in ""Maximum Average Subarray I"" computed efficiently using a sliding window?",-,-,By maintaining a running sum for the window and dividing by its fixed length.,-,-,-,By recomputing the sum from scratch for every subarray.,By keeping a running product instead of a sum.,By sorting each window before calculating the average.
DSAG,"Why does the sliding window solution to ""Maximum Average Subarray I"" run in O(n) time?",-,-,Because each element enters and leaves the window exactly once.,-,-,-,Because it uses a binary search on averages.,Because it processes only half of the elements.,Because the window moves logarithmically over the array.
DSAG,"What happens to the running sum when the window moves one position to the right in ""Maximum Average Subarray I""?",-,-,The left element is subtracted and the new right element is added.,-,-,-,The sum is reset to zero and recomputed.,Only the new element is added without removing any value.,Both the smallest and largest elements in the window are removed.
DSAG,"In ""Minimum Size Subarray Sum"", what does the sliding window attempt to minimize?",-,-,The length of a contiguous subarray whose sum is at least a target value.,-,-,-,The number of distinct elements in a subarray.,The maximum sum of any fixed-length subarray.,The total number of windows examined during the scan.
DSAG,"Why does ""Minimum Size Subarray Sum"" require a variable-size sliding window?",-,-,Because the subarray length is not fixed and must adjust to meet the sum condition.,-,-,-,Because a fixed-size window cannot slide over the entire array.,Because variable-size windows always use less memory.,Because the target sum changes on every iteration.
DSAG,"Under what condition should the sliding window shrink in ""Minimum Size Subarray Sum""?",-,-,When the current window sum is greater than or equal to the target value.,-,-,-,When the window sum is smaller than the target value.,Whenever the right pointer reaches the end of the array.,Whenever two adjacent elements are equal.
DSAG,"How does shrinking the window help identify the shortest valid subarray in ""Minimum Size Subarray Sum""?",-,-,"By removing elements from the left while the sum is still valid, reducing the window length.",-,-,-,By expanding the window to include more elements.,By resetting the sum whenever the target is exceeded.,By swapping left and right pointers whenever the sum grows.
DSAG,"Why does the sliding window approach for ""Minimum Size Subarray Sum"" maintain O(n) complexity?",-,-,"Because each index is visited at most twice, once when expanding and once when shrinking.",-,-,-,Because it uses a priority queue to track window sums.,Because it relies on precomputed prefix sums only.,Because it discards half of the array elements without scanning them.
DSAG,How is the sliding window pattern applied to substring problems on strings?,-,-,By moving start and end indices over the string to track a valid substring region.,-,-,-,By sorting the characters in each substring.,By reversing the string on every iteration.,By copying every possible substring into a separate array.
DSAG,Why are frequency arrays or hash maps used in sliding window string algorithms?,-,-,To keep track of character counts inside the current window efficiently.,-,-,-,To store the positions of all substrings in memory.,To convert the string into numerical indices.,To avoid using pointers or indices directly.
DSAG,How should character counts be updated when the sliding window expands or shrinks on a string?,-,-,Increment the count for the character entering the window and decrement for the one leaving.,-,-,-,Recompute all character counts for the entire window.,Only track the most frequent character in the window.,Reset the frequency map whenever the window changes.
DSAG,Why is sliding window useful for finding substrings that satisfy specific conditions?,-,-,Because it can adjust the window while maintaining real-time information about its contents.,-,-,-,Because it automatically finds the lexicographically smallest substring.,Because it always minimizes the length of every substring.,Because it guarantees that every window will satisfy the condition.
DSAG,What is the key difference between sliding a window over an array and sliding a window over a string?,-,-,"Arrays usually track numeric aggregates, while strings often track character frequencies or patterns.",-,-,-,Arrays cannot use sliding windows efficiently.,Strings require linked lists for window movement.,There is no difference; both use identical logic and data.
DSAG,Why is sliding window considered an optimization pattern rather than a standalone algorithm?,-,-,Because it is a way to organize pointer movement and reuse partial results in many problems.,-,-,-,Because it always replaces dynamic programming.,Because it can only be applied after sorting.,Because it is implemented entirely by the compiler.
DSAG,What types of logical errors commonly occur when beginners implement sliding window algorithms?,-,-,"Incorrect updates of window state, such as failing to move one pointer or mismanaging conditions.",-,-,-,Using too many local variables.,Writing the code without comments or documentation.,Choosing variable names that are too short.
DSAG,What properties of an array or string problem indicate it can be solved with a sliding window approach?,-,-,The answer depends on a contiguous range whose state can be updated as the range moves.,-,-,-,The data structure must contain only unique elements.,The problem must involve recursion and backtracking.,The input must be preprocessed into a graph structure first.
DSAG,What is a prefix sum array in algorithm design?,-,-,An array that stores cumulative sums from the first element up to each index.,-,-,-,An array that stores cumulative products from the first element up to each index.,An array that stores sorted values of prefix ranges for faster searching operations.,An array that stores only the maximum value seen from the start to each index.
DSAG,Why is a prefix sum array useful for answering range sum queries efficiently?,-,-,Because each range sum can be computed using two prefix values and one arithmetic operation.,-,-,-,Because all possible range sums are precomputed and stored directly in memory.,Because range queries skip iteration and instead rely on internal hardware optimizations.,Because the array structure eliminates the need for any mathematical calculations.
DSAG,How is a prefix sum array constructed from an input array?,-,-,Each prefix value is computed by adding the current element to the previous prefix value.,-,-,-,Each prefix value is computed by multiplying the current element with the previous value.,Each prefix value is generated by sorting the array first and accumulating sorted values.,Each prefix value is derived using a rolling median instead of simple addition.
DSAG,What is the time complexity of building a prefix sum array?,-,-,It requires linear time because each element is processed exactly once in sequence.,-,-,-,It requires quadratic time because each prefix depends on all previous values.,It requires logarithmic time due to internal binary accumulation optimizations.,It requires constant time when implemented using hardware level instructions.
DSAG,What is the space complexity of storing a prefix sum array?,-,-,It uses linear additional space since it stores one cumulative value per input element.,-,-,-,It uses constant space since values are overwritten in the original input array.,It uses quadratic space by storing all possible subarray combinations.,It uses logarithmic space due to recursive prefix compression techniques.
DSAG,Why does prefix sum allow subarray sum computation in constant time?,-,-,Because the sum for any range can be derived from two prefix values and subtraction.,-,-,-,Because each possible subarray sum is stored in a dedicated lookup table.,Because the compiler transforms prefix calculations into direct CPU instructions.,Because prefix arrays reduce memory latency during repeated summation operations.
DSAG,How does prefix sum eliminate the need for nested loops in range queries?,-,-,Because each query becomes a direct arithmetic calculation instead of iterating through elements.,-,-,-,Because loops are replaced with recursive calls that avoid repeated iteration.,Because prefix sums flatten the array into a constant lookup structure.,Because prefix computation parallelizes all operations automatically during runtime.
DSAG,Why do prefix sums require careful indexing to avoid off-by-one errors?,-,-,Because incorrect indexing shifts the computed ranges and causes wrong elements to be included.,-,-,-,Because incorrect indexing changes the physical storage location of array elements.,Because indexing errors force the prefix array to reallocate memory dynamically.,Because uneven index alignment causes unpredictable cache access patterns.
DSAG,What is the difference between a prefix sum array and a cumulative frequency array?,-,-,Prefix sums accumulate numeric values while cumulative frequencies accumulate occurrence counts.,-,-,-,Prefix sums operate on floats while cumulative frequencies operate only on integers.,Prefix sums modify original data while cumulative arrays keep input values untouched.,Prefix sums require sorted inputs while cumulative frequencies require unsorted inputs.
DSAG,Why are prefix sums considered a preprocessing technique?,-,-,Because the prefix array is built once to answer multiple future queries efficiently.,-,-,-,Because preprocessing converts raw input data into compressed storage formats.,Because preprocessing stages run automatically before algorithm execution begins.,Because preprocessing improves memory allocation patterns for runtime efficiency.
DSAG,How is the sum of elements from index l to r computed using prefix sums?,-,-,By subtracting the prefix value at index l minus one from the prefix value at index r.,-,-,-,By adding the prefix value at index l to the prefix value at index r.,By dividing the prefix value difference by the number of elements.,By interpolating values between the two prefix values.
DSAG,Why must prefix sum arrays often start with an extra zero at index zero?,-,-,To simplify range sum calculations that begin from the first element of the array.,-,-,-,To reserve space for metadata related to memory alignment and performance.,To reduce the risk of integer overflow during cumulative addition.,To separate algorithm configuration from actual computational data.
DSAG,What mistake occurs if prefix sums are computed without careful handling of the first element?,-,-,Range sums involving the first index will produce incorrect results due to index misalignment.,-,-,-,The prefix sums will all be shifted by one element to the right.,The prefix array will overwrite the original input values accidentally.,The algorithm will switch automatically to a two-pointer method.
DSAG,Why does prefix sum make repeated subarray sum queries efficient?,-,-,Because each query requires only constant-time arithmetic using precomputed values.,-,-,-,Because all subarrays are stored and indexed in a compressed structure.,Because prefix sums trigger compiler optimizations for repeated queries.,Because prefix arrays reduce branch mispredictions in CPU execution.
DSAG,How does prefix sum help reduce time complexity from O(n squared) to O(n)?,-,-,By eliminating repeated summation of overlapping subarrays using precomputed cumulative values.,-,-,-,By converting iterative loops into recursive divide-and-conquer algorithms.,By sorting the array and processing each segment independently.,By parallelizing summation operations across multiple processing cores.
DSAG,"In ""Range Sum Query – Immutable"", what problem is being solved using prefix sums?",-,-,Answering multiple subarray sum queries efficiently on an array that does not change.,-,-,-,Rearranging elements of the array to minimize sum query overhead.,Finding the largest subarray sum under continuously changing values.,Recomputing array values after each sum query request.
DSAG,"Why does ""Range Sum Query – Immutable"" require the array to stay unchanged?",-,-,Because modifying the array would invalidate all previously computed prefix sums.,-,-,-,Because immutable arrays use less memory during repeated query execution.,Because mutating arrays causes thread synchronization failures.,Because immutability is required for correct garbage collection behavior.
DSAG,How does prefix sum help answer multiple range sum queries in constant time?,-,-,By translating each query into a single subtraction between two prefix values.,-,-,-,By looking up cached results from previous identical queries.,By performing a direct memory jump to the relevant array segment.,By reducing the number of required arithmetic operations logarithmically.
DSAG,"Why is preprocessing required before answering queries in ""Range Sum Query – Immutable""?",-,-,Because prefix values must be computed beforehand to support fast query responses.,-,-,-,Because preprocessing reorganizes memory layout for better cache efficiency.,Because input validation is part of the preprocessing pipeline.,Because query handling depends on sorted prefix structures.
DSAG,What happens if the input array changes after building a prefix sum array?,-,-,The prefix sums become incorrect and must be recomputed to restore valid query results.,-,-,-,Only the prefix sums for the modified section are affected and auto-updated.,The array enters an undefined but recoverable intermediate state.,Only queries on later indices are affected while early queries remain correct.
DSAG,Why do prefix sums work correctly even when the array contains negative numbers?,-,-,Because addition is associative and subtraction still gives correct range sums.,-,-,-,Because the algorithm internally restructures the prefix values to neutralize all negative contributions during cumulative summation.,Because prefix sum logic tracks sign changes and automatically adjusts summation direction for negative value segments.,Because negative numbers are converted into scaled normalized values before computing subarray sums.
DSAG,Why can sliding window fail with negative numbers while prefix sums still work for subarray sum problems?,-,-,Because negative numbers break the monotonic behavior sliding window depends on.,-,-,-,Because sliding window assumes cumulative growth and cannot recover when negative values shrink the window sum unexpectedly.,Because sliding window requires strictly increasing sums which are violated when negative values appear frequently.,Because prefix sums precompute sign-adjusted cumulative results for all possible window expansions.
DSAG,How do prefix sums handle arrays with alternating positive and negative values?,-,-,By accumulating values normally without assuming any order or sign.,-,-,-,By dynamically correcting cumulative drift caused by oscillating positive and negative contributions in the sequence.,By separating values into sign-based groups before constructing independent cumulative sequences for stability.,By balancing each positive value with surrounding negative values to maintain mathematical consistency.
DSAG,What is a 2D prefix sum matrix?,-,-,A matrix storing cumulative sums from the top-left corner to every cell.,-,-,-,A matrix storing precomputed region totals for all possible rectangular subareas in a two-dimensional grid.,A matrix that flattens two-dimensional spatial information into cumulative rows and columns for fast retrieval.,A matrix that combines directional cumulative sums for horizontal and vertical traversal efficiency.
DSAG,How does a 2D prefix sum compute the sum of a rectangular region?,-,-,By combining four prefix values using inclusion-exclusion.,-,-,-,By decomposing the rectangle into overlapping prefix segments and subtracting redundant contributions.,By aggregating all border prefix values and compensating for diagonal overlap during computation.,By traversing cell boundaries and correcting overlap through layered cumulative adjustments.
DSAG,What information must be stored in a 2D prefix sum matrix to avoid recomputation?,-,-,The cumulative sum from the origin to every cell.,-,-,-,The cumulative row and column totals for every index to allow fast recomposition of subregions.,The combination of all submatrix sums relative to every possible anchor point location.,The aggregated horizontal and vertical cumulative values for every possible coordinate.
DSAG,How is a rectangular region sum computed using a 2D prefix sum matrix?,-,-,By adding and subtracting the four corner prefix values.,-,-,-,By summing row prefix values then subtracting column prefix overlap contributions manually.,By combining diagonal cumulative values with horizontal and vertical prefix adjustments.,By applying region decomposition and incremental value elimination at runtime.
DSAG,Why does a 2D prefix sum matrix require more space than a 1D prefix array?,-,-,Because it stores cumulative information for every cell in two dimensions.,-,-,-,Because each cell must also reference auxiliary state related to both row and column prefix tracking.,Because two-dimensional cumulative matrices require storing extra data for all directional query cases.,Because every dimension adds compounded storage overhead for prefix tracking and retrieval.
DSAG,"In C++, how is a prefix sum array typically implemented?",-,-,Using a vector or raw array updated with cumulative additions.,-,-,-,Using a dynamically allocated buffer combined with pointer arithmetic and iterative prefix calculations.,Using templated containers with recursive insertion and compile-time accumulation logic.,Using tree-based structures to manage and retrieve cumulative prefix values efficiently.
DSAG,"In C#, how is a prefix sum array stored and accessed safely?",-,-,Using a managed array with bounds-checked indexing.,-,-,-,Using a managed heap-backed array that enforces runtime safety and memory protection checks.,Using CLR-controlled storage that validates array access and enforces type safety guarantees.,Using garbage-collected storage with automatic runtime index validation and memory safety.
DSAG,Why should prefix sum values use a larger numeric type than the input values?,-,-,To prevent overflow when summing many elements.,-,-,-,To support large cumulative values without truncation or arithmetic wrapping during prefix calculations.,To ensure numerical stability when summing large sequences of high magnitude values.,To allow cumulative sums to exceed the original type limit without causing undefined behavior.
DSAG,How do integer overflow risks affect prefix sum implementations?,-,-,Overflow produces incorrect accumulated values.,-,-,-,Overflow causes silent numeric wrapping which corrupts the correctness of cumulative prefix computations.,Overflow breaks cumulative consistency and introduces invalid arithmetic results across all ranges.,Overflow leads to loss of higher-order bits which invalidates entire prefix sum queries.
DSAG,What happens if prefix sums overwrite the original array values?,-,-,The original values are lost but prefix queries still work.,-,-,-,Overwriting destroys the base data permanently while converting the array fully into a cumulative representation.,The array loses original semantics and becomes only usable for prefix-based query operations.,The original element values cannot be recovered after cumulative transformation occurs.
DSAG,Why is prefix sum considered a time–space tradeoff technique?,-,-,Because it uses extra memory to reduce query time.,-,-,-,Because it allocates additional memory to precompute values that eliminate repetitive runtime calculations.,Because it sacrifices memory capacity in exchange for lower query time complexity.,Because it stores redundant information to avoid repeated computational overhead.
DSAG,What types of algorithm problems benefit most from prefix sums?,-,-,Problems with many repeated range sum queries.,-,-,-,Problems where the same array is queried multiple times for different range-based sum results.,Problems involving frequent interval calculations over static numeric sequences.,Problems requiring fast repeated access to cumulative range calculations.
DSAG,Why are prefix sums more efficient than recomputing sums for each query?,-,-,Because queries become constant-time arithmetic operations.,-,-,-,Because prefix sums avoid redundant scanning of the same elements during multiple queries.,Because they eliminate repeated linear traversals across overlapping subarrays.,Because cumulative sums reuse precomputed values for instant range retrieval.
DSAG,What indicates that prefix sums are suitable for solving a problem?,-,-,The problem involves many range queries on static data.,-,-,-,The input array remains unchanged while multiple subarray aggregation queries are performed.,The problem requires repeated access to cumulative intervals without modification to base values.,The problem focuses on computing values across fixed intervals multiple times.
DSAG,How does prefix sum compare to sliding window for range problems?,-,-,Prefix sum is better for multiple arbitrary static queries.,-,-,-,Prefix sum outperforms sliding window when handling repeated non-contiguous range queries.,Prefix sum supports random access queries while sliding window is limited to contiguous expansions.,Prefix sum provides constant-time queries while sliding window requires iterative boundary adjustment.
DSAG,Why is prefix sum often combined with hash maps in subarray problems?,-,-,To track cumulative sum frequencies efficiently.,-,-,-,To store counts of previously seen cumulative sums for fast subarray target detection.,To map cumulative values to their occurrence indices during prefix traversal.,To accelerate detection of matching cumulative values across the prefix sum sequence.
DSAG,"In a singly linked list, what is the purpose of the next pointer inside each node?",-,-,"It stores the reference to the next node in the sequence, enabling forward traversal.",-,-,-,It maintains a reference to a sibling node so the list can support bidirectional navigation.,It holds a pointer used for index-based access to support random O(1) lookup operations.,It records the memory address of the previous node to allow reverse scanning during iteration.
DSAG,"In a doubly linked list, why must each node store both next and prev pointers?",-,-,"They allow movement in both forward and backward directions, enabling flexible traversal.",-,-,-,They provide two independent forward links so the list can skip intermediate nodes during scanning.,They store redundant references required for implementing automatic memory compaction.,They ensure each node maintains two synchronized next-node references for faster linear iteration.
DSAG,How does heap allocation enable linked lists to grow dynamically compared to array-based storage?,-,-,Each node can be allocated independently on demand without requiring contiguous memory.,-,-,-,Nodes are allocated in blocks that the compiler automatically merges into a single contiguous region.,Heap allocation creates indexed segments that allow nodes to be placed at computed memory offsets.,The allocator pre-reserves a fixed-size region that nodes fill sequentially as the list expands.
DSAG,Why does inserting a node at the head of a singly linked list not require traversal?,-,-,"The new node simply points to the current head, and the head pointer is reassigned to it.",-,-,-,The head insertion automatically reorders the list so traversal is performed implicitly.,The node is appended using a system-level pointer shortcut that bypasses linking operations.,The runtime tracks the first node via a cache table so updates propagate without pointer changes.
DSAG,Why does inserting a node at the end of a singly linked list usually require O(n) time?,-,-,You must traverse from the head to the last node because there is no direct tail reference.,-,-,-,"The last node must compute its hash before accepting a new link, which requires full traversal.",Appending requires recalculating positional metadata for every node during the insertion.,The system must check all nodes for uniqueness before attaching a new element at the tail.
DSAG,What happens when the head pointer of a linked list becomes overwritten or lost?,-,-,"The list becomes unreachable, causing all nodes to be effectively orphaned in memory.",-,-,-,The nodes automatically reconnect using backup links stored in each node’s metadata.,The list compresses itself and regenerates a new head through structural inference.,All nodes shift upward in memory to create a new head as part of a built-in recovery step.
DSAG,Why do linked lists lack constant-time random access unlike arrays?,-,-,Reaching an element requires sequential pointer traversal rather than index-based arithmetic.,-,-,-,"Linked lists maintain an index tree, but it must be rebuilt before each access.","Nodes hide their positions for memory safety, forcing index lookups to be disabled.",Random access is disabled because node addresses are encrypted for pointer-security reasons.
DSAG,How does a circular linked list ensure traversal does not reach a null terminator?,-,-,"The last node points back to the head, forming a loop instead of ending in null.",-,-,-,Each node automatically forwards traversal requests to a sentinel node before null is reached.,The structure encodes a special end-of-list marker that replaces null but is rarely encountered.,Traversal uses a wraparound counter instead of checking pointer termination directly.
DSAG,What is the effect of setting the next pointer of the last node to nullptr in a singly linked list?,-,-,"It marks the end of the list, allowing traversal to stop safely.",-,-,-,It signals the allocator to immediately free the final node on the next access.,It forces the list to rebuild its tail section through pointer reinitialization.,It indicates that the node should redirect traversal to the first node on the next iteration.
DSAG,How do you detect whether a linked list is empty using only the head pointer?,-,-,"If the head pointer is null, the list contains no nodes.",-,-,-,"If the head pointer has a negative address, the list is automatically considered empty.","If the head pointer value matches the tail pointer, the list must be empty.","If the head pointer equals a reserved sentinel address, the list is initialized but empty."
DSAG,What is the primary memory difference between storing nodes in a linked list vs storing elements in a contiguous array?,-,-,"Linked list nodes can be scattered in memory, while arrays require contiguous storage.",-,-,-,"Linked lists must reside entirely in a memory page, whereas arrays span multiple pages.",Arrays are stored via pointer chains while linked lists use strict linear blocks.,Linked lists store all nodes contiguously but allow logical gaps for faster indexing.
DSAG,Why must linked list nodes be allocated on the heap instead of the stack?,-,-,Heap allocation allows nodes to outlive the function that creates them.,-,-,-,"Stack allocation enables global reuse of nodes, so heap allocation becomes unnecessary.","Stack-based nodes can relocate automatically, making heap allocation redundant.","Nodes on the stack persist for the entire program run, making heap usage optional."
DSAG,"In C++, what is the purpose of using new when creating a linked list node?",-,-,It allocates the node on the heap and returns a pointer that remains valid after the function ends.,-,-,-,It places the node in a static region so the runtime can manage it automatically.,It assigns the node to a shared memory segment for cross-thread visibility.,It creates a node that the compiler will automatically deallocate when traversal finishes.
DSAG,Why does deletion in a singly linked list require access to the previous node?,-,-,The previous node’s next pointer must be updated to bypass the node being removed.,-,-,-,Deletion requires copying values backward from the previous node into the target node.,Removing a node forces the list to rebuild earlier links stored in reverse order.,Deleting a node triggers pointer normalization that depends on the previous node’s metadata.
DSAG,What role does the tail pointer serve in a singly linked list implementation?,-,-,It allows O(1) insertion at the end by directly referencing the last node.,-,-,-,It stores an auxiliary index table for fast random access to list elements.,"It tracks memory ownership for all nodes, enabling automatic reclamation.",It maintains a rollback pointer used to restore previous node states during updates.
DSAG,Why is traversal of a singly linked list inherently sequential?,-,-,"Each node only provides a pointer to the next one, so nodes must be visited in order.",-,-,-,Traversal requires computing hash jumps that follow a predefined sequence.,Nodes contain index offsets but they are decrypted only during sequential scans.,Traversal uses a rotating pointer table that prevents skipping arbitrary nodes.
DSAG,How does a linked list maintain ordering without using array indices?,-,-,Ordering is represented by the chain of pointers that link nodes in sequence.,-,-,-,Each node stores an implicit position value that determines its relative ranking.,The runtime inserts nodes into a sorted index map that preserves the order.,The list tracks structural timestamps that define positional relationships.
DSAG,Why does a doubly linked list require more memory per node than a singly linked list?,-,-,Each node stores two pointers (next and prev) instead of one.,-,-,-,Each node stores redundant size metadata in addition to a forward pointer.,Nodes hold index values that must be recalculated during insertions.,The structure duplicates forward pointers to guard against pointer corruption.
DSAG,What is the effect of assigning head = head->next in a singly linked list?,-,-,"The first node is skipped, effectively advancing the list’s starting point.",-,-,-,The list shifts its nodes upward in memory to close structural gaps.,The previous head is automatically deallocated by the runtime garbage collector.,All nodes recompute their relative offsets to maintain a correct index ordering.
DSAG,How does the concept of a null terminator define the end of a singly linked list?,-,-,"A null next pointer indicates there are no further nodes, signaling traversal to stop.",-,-,-,A null terminator marks a node that should be duplicated when the list grows.,The terminator instructs the allocator to generate a new tail node on demand.,The null marker triggers an automatic rollback to the head for circular iteration.
DSAG,Why is manual memory management important when implementing linked lists in C++?,-,-,"Each node is allocated on the heap, so the programmer must free nodes to avoid memory leaks.",-,-,-,"Nodes are automatically moved to the stack after deletion, so manual cleanup becomes optional.",The compiler injects cleanup routines that release nodes only when pointer counts reach zero.,"Memory for linked list nodes is reclaimed by the OS as soon as traversal ends, preventing leaks."
DSAG,How does a linked list maintain connectivity when removing the first node?,-,-,"The head pointer is reassigned to the second node, preserving the chain.",-,-,-,The deleted node stores a reference to rebuild the list after removal.,The runtime automatically reattaches the removed node using reverse links.,All nodes shift upward in memory to create a new starting position.
DSAG,Why is pointer copying necessary when inserting a node between two existing nodes?,-,-,The new node must adopt the next pointer of the previous node so the chain remains intact.,-,-,-,Pointer copying triggers automatic index recalculation for all subsequent nodes.,Copying the pointer prevents the allocator from reusing the destination memory block.,Pointer duplication ensures the list maintains its internal hash consistency.
DSAG,How does a linked list traversal function avoid dereferencing a null pointer?,-,-,It checks that the current pointer is non-null before accessing its next field.,-,-,-,Traversal relies on exception handlers that repair the pointer if it becomes null.,Nodes embed boundary flags that implicitly prevent null references.,Traversal uses cached pointer hints that redirect nulls to a fallback node.
DSAG,What is the purpose of initializing a newly created node’s next pointer to nullptr?,-,-,It clearly marks the node as not yet linked to any successor.,-,-,-,It forces the allocator to choose an adjacent memory block for the next node.,The null assignment signals that the node should become the new head.,It triggers automatic linking to the last visited node during list creation.
DSAG,Why can linked list implementations vary between languages even though the concept is the same?,-,-,"Different languages have different memory models, allocation rules, and pointer semantics.",-,-,-,Some languages require linked lists to be stored in contiguous memory pages.,"All languages mandate that nodes be reference-counted, but some disable it by default.",Linked lists must follow language-specific index tables that enforce ordering constraints.
DSAG,Why must a traversal loop check current != nullptr before accessing current->next?,-,-,Accessing next on a null pointer would lead to undefined behavior or a crash.,-,-,-,Checking current ensures the list automatically resizes when reaching the end.,The comparison triggers a safety hook that realigns corrupted pointers.,Null checks are required so the compiler can regenerate missing nodes as needed.
DSAG,What structural property of a linked list allows insertions and deletions to avoid shifting elements?,-,-,Nodes are connected through pointers rather than contiguous indices.,-,-,-,Nodes store computed offsets that automatically shift on modification.,The memory allocator relocates affected nodes to preserve position numbering.,Insertions trigger background compaction that spreads nodes evenly in memory.
DSAG,Why do linked lists often have worse cache locality compared to arrays?,-,-,"Nodes may be scattered across memory, causing more cache misses during traversal.",-,-,-,Nodes are stored in one large block that the CPU must flush after each access.,Traversal forces the CPU to evict index tables during pointer resolution.,Linked lists require the cache to be cleared so that pointer loads remain accurate.
DSAG,How does losing the only pointer to a dynamically allocated linked list node cause a memory leak?,-,-,"Without a pointer, the program can no longer free that memory, leaving it permanently allocated.",-,-,-,The allocator deletes the memory automatically but marks it as inaccessible.,The node becomes reference-counted and is freed once the counter drops to zero.,The OS relocates the node into a recovery pool and frees it after program termination.
DSAG,Why is it safe for a singly linked list node’s next pointer to be null?,-,-,"Null simply indicates that there are no further nodes, defining a valid termination point.",-,-,-,Null forces the node to convert into a circular reference at runtime.,Null marks the node as corrupted and requiring reconstruction.,Null indicates a temporary disconnect that triggers automatic reinsertion later.
DSAG,What is the purpose of a dummy head node in some linked list implementations?,-,-,It simplifies edge cases by providing a stable starting node before the real list begins.,-,-,-,It stores global metadata that must be checked during every traversal.,It forces the list to align nodes to fixed memory boundaries.,It acts as a temporary buffer for merging lists during insert operations.
DSAG,Why is the ability to insert a node in O(1) time an advantage of linked lists?,-,-,Insertion only requires adjusting a few pointers instead of shifting many elements.,-,-,-,Insertions reserve contiguous space so dependent nodes remain indexed.,The list precomputes insertion slots that reduce pointer updates.,The runtime batches pending insertions until enough nodes accumulate.
DSAG,Why can removing a node from the middle of a singly linked list require a traversal beforehand?,-,-,You must locate the previous node to update its next pointer correctly.,-,-,-,The node must be reallocated into a temporary buffer before deletion.,Removal requires computing relative offsets for all earlier nodes.,Node deletion requires verifying the structural hash of earlier links.
DSAG,Why is building a linked list from scratch often done using repeated tail insertions?,-,-,Tail insertions preserve the original order while avoiding repeated head rewiring.,-,-,-,Repeated tail insertion compresses the list into a single memory block.,Tail insertion forces the allocator to cluster nodes for better indexing.,It prevents the runtime from rebalancing earlier nodes during construction.
DSAG,How does a doubly linked list support backward traversal?,-,-,"Each node stores a pointer to its previous node, enabling reverse movement.",-,-,-,Each node maintains a directional index that the runtime decodes backward.,Nodes embed reverse offsets computed during list initialization.,Backward traversal is simulated by scanning the list and reconstructing earlier nodes.
DSAG,Why does a singly linked list need a special case when inserting at the head?,-,-,Inserting at the head requires updating the head pointer rather than modifying an existing node.,-,-,-,The head must be duplicated before insertion to maintain structural symmetry.,The new node must compute an alignment prefix to join the list’s ordering.,Head insertion forces the list to regenerate its pointer layout.
DSAG,Why is a node’s pointer value essential for representing linked list structure?,-,-,"The pointer determines which node comes next, defining the list’s order.",-,-,-,Pointers are used only to generate checksum values for node validation.,Nodes are rearranged based on pointer metadata stored externally.,Pointers serve as placeholders until indices are computed later.
DSAG,How does a linked list differ from an array in terms of element adjacency?,-,-,"Array elements are contiguous in memory, while linked list nodes may be anywhere.",-,-,-,Linked list nodes must be adjacent but array elements may be scattered.,Array elements move automatically but linked list nodes remain fixed.,Linked lists store elements in segments that the allocator merges on access.
DSAG,Why is it important to update a node’s next pointer before disconnecting another node during deletion?,-,-,Updating next first ensures the chain remains valid and prevents losing access to remaining nodes.,-,-,-,Updating next first allows the allocator to relocate the remaining nodes.,Disconnecting earlier preserves the list’s index cache before rewiring.,Pointer updates must follow deletion so the node can recompute its metadata.