_Chinese,English,_EN1,_CN1,_EN2,_CN2,_EN3,_CN3,_EN1 Target,_EN2 Targe,_EN3 Target,Color
一会儿,a short while; a moment; for a while,Please wait for a moment; I will be back soon.,请等一会儿，我很快就回来。,I studied for a while before dinner.,晚饭前，我学习了一会儿。,It started raining after a short while.,过了一会儿，天开始下雨了。,for a moment,for a while,after a short while,5
一向,always; consistently,He has always been very careful at work.,他一向工作很小心。,She has always liked quiet places.,她一向喜欢安静的地方。,This shop has always been popular with students.,这家店一向很受学生欢迎。,always,always,always,5
一定,definitely; certainly; must,You must call me after you arrive.,你到了以后一定要给我打电话。,He will definitely pass the exam this time.,他这次一定会通过考试。,We must finish this report today.,我们今天一定要把这份报告做完。,must,definitely,must,5
一方面,on one hand; on the one hand,"On one hand, this plan saves money.",一方面，这个计划可以省钱。,"On one hand, I want to help him.",一方面，我想帮他。,"On one hand, online classes are convenient.",一方面，网课很方便。,On one hand,On one hand,On one hand,5
一旦,once; as soon as,"Once you make a decision, do not regret it.",一旦你做了决定，就不要后悔。,"Once it starts raining, the road becomes slippery.",一旦下雨，路就会变滑。,"Once he finds out the truth, he will be angry.",一旦他知道真相，他会很生气。,Once,Once,Once,5
一时,for a moment; temporarily; suddenly,I could not remember his name for a moment.,我一时想不起他的名字。,She was temporarily unable to accept the result.,她一时无法接受这个结果。,He suddenly did not know what to say.,他一时不知道该说什么。,for a moment,temporarily,suddenly,5
一时之间,for a short moment; all of a sudden; at that moment,"For a short moment, everyone became quiet.",一时之间，大家都安静了下来。,"All of a sudden, I did not know how to answer.",一时之间，我不知道该怎么回答。,"At that moment, the room felt very awkward.",一时之间，房间里的气氛很尴尬。,For a short moment,All of a sudden,At that moment,5
一直,continuously; all along; always,He waited continuously until midnight.,他一直等到半夜。,I have always wanted to visit Beijing.,我一直想去北京看看。,The child kept crying all along the way.,那个孩子一路上一直在哭。,continuously,always,all along,5
一直以来,all along; ever since then; for a long time,"All along, he has supported my decision.",一直以来，他都支持我的决定。,"For a long time, this problem has not been solved.",一直以来，这个问题都没有解决。,"Ever since then, she has worked very hard.",一直以来，她都很努力。,All along,For a long time,Ever since then,5
一般,generally; ordinary; average,His Chinese level is average.,他的中文水平一般。,I generally wake up at seven.,我一般七点起床。,This restaurant is just ordinary.,这家餐厅很一般。,average,generally,ordinary,5
一般来说,generally speaking,"Generally speaking, this method is more reliable.",一般来说，这个方法比较可靠。,"Generally speaking, students prefer simple examples.",一般来说，学生比较喜欢简单的例子。,"Generally speaking, winter here is not very cold.",一般来说，这里的冬天不太冷。,Generally speaking,Generally speaking,Generally speaking,5
一起,together,We went to the library together.,我们一起去了图书馆。,Let us solve this problem together.,我们一起解决这个问题吧。,They grew up together.,他们是一起长大的。,together,together,together,5
一边,while; at the same time,He listened to music while doing homework.,他一边听音乐，一边做作业。,She smiled while talking to me.,她一边笑，一边跟我说话。,I walked while thinking about the problem.,我一边走，一边想这个问题。,while,while,while,5
一面,while; at the same time,He watched TV while eating dinner.,他一面看电视，一面吃晚饭。,She comforted him while wiping her tears.,她一面擦眼泪，一面安慰他。,The teacher explained while writing on the board.,老师一面讲解，一面在黑板上写字。,while,while,while,5
上面,above; on top; the above,The book is on top of the table.,书在桌子上面。,The answer is written above the picture.,答案写在图片上面。,The above sentence is very useful.,上面的句子很有用。,on top of,above,above,5
下面,below; underneath; the following,The cat is underneath the chair.,猫在椅子下面。,Please write your name below the line.,请把你的名字写在线下面。,The following example is more difficult.,下面的例子比较难。,underneath,below,following,5
不一定,not necessarily; maybe not,Expensive things are not necessarily better.,贵的东西不一定更好。,He may not come tomorrow.,他明天不一定会来。,A quiet person is not necessarily shy.,安静的人不一定害羞。,not necessarily,may not,not necessarily,5
不久,soon; before long,He came back soon.,他不久就回来了。,"Before long, everyone knew the news.",不久，大家都知道了这个消息。,The rain stopped soon after we arrived.,我们到了以后，雨不久就停了。,soon,Before long,soon,5
不仅,not only,"He not only speaks Chinese, but also writes it well.",他不仅会说中文，而且写得也很好。,"This book is not only interesting, but also useful.",这本书不仅有趣，而且很有用。,"She not only helped me, but also encouraged me.",她不仅帮了我，还鼓励了我。,not only,not only,not only,5
不仅仅,not merely; not just,This is not just a grammar problem.,这不仅仅是一个语法问题。,Learning Chinese is not merely memorizing words.,学中文不仅仅是背单词。,His success was not just because of luck.,他的成功不仅仅是因为运气。,not just,not merely,not just,5
不但,not only,"He not only finished the work, but also finished it early.",他不但完成了工作，而且提前完成了。,"This phone is not only cheap, but also easy to use.",这部手机不但便宜，而且好用。,"She not only apologized, but also explained the reason.",她不但道歉了，还解释了原因。,not only,not only,not only,5
不再,no longer; not anymore,He no longer lives here.,他不再住在这里。,I do not want to wait anymore.,我不再想等了。,This rule is no longer useful.,这个规则不再有用了。,no longer,not anymore,no longer,5
不得不,have no choice but to; have to,I had no choice but to tell him the truth.,我不得不告诉他真相。,"Because it was raining heavily, we had to cancel the trip.",因为雨下得很大，我们不得不取消旅行。,She had no choice but to accept the result.,她不得不接受这个结果。,had no choice but to,had to,had no choice but to,5
不断,continuously; constantly,He constantly makes the same mistake.,他不断犯同样的错误。,The company is continuously improving its products.,公司不断改进自己的产品。,The number of students is constantly increasing.,学生的人数不断增加。,constantly,continuously,constantly,5
不是,is not; not,This is not my bag.,这不是我的包。,He is not angry; he is just tired.,他不是生气，只是累了。,"The problem is not money, but time.",问题不是钱，而是时间。,is not,is not,is not,5
不然,otherwise; if not,"Hurry up, otherwise we will be late.",快点，不然我们会迟到。,You should write it down; otherwise you may forget.,你应该把它写下来，不然可能会忘。,"Wear a jacket, otherwise you will catch a cold.",穿件外套，不然你会感冒。,otherwise,otherwise,otherwise,5
不由得,cannot help but; involuntarily,I could not help but laugh after hearing his answer.,听到他的回答，我不由得笑了。,She could not help but feel nervous.,她不由得紧张起来。,"Seeing that old photo, he could not help but think of the past.",看到那张旧照片，他不由得想起了过去。,could not help but,could not help but,could not help but,5
不管,no matter; regardless of,"No matter what happens, I will support you.",不管发生什么事，我都会支持你。,"Regardless of the result, we should try our best.",不管结果如何，我们都应该尽力。,"No matter how busy he is, he exercises every day.",不管多忙，他每天都运动。,No matter,Regardless of,No matter,5
不过,but; however; only,"This method is simple, but it is not very accurate.",这个方法很简单，不过不太准确。,"I wanted to go out; however, it started raining.",我想出去，不过开始下雨了。,It only takes ten minutes to walk there.,走到那里不过需要十分钟。,but,however,only,5
与此同时,at the same time; meanwhile,"The city is developing quickly; at the same time, traffic is becoming worse.",城市发展得很快，与此同时，交通也变得更糟。,"He was preparing for the exam; meanwhile, he was also working part-time.",他在准备考试，与此同时，他也在打工。,"Technology brings convenience; at the same time, it creates new problems.",科技带来方便，与此同时，也产生了新的问题。,at the same time,meanwhile,at the same time,5
专程,make a special trip; specially,He made a special trip to see his grandmother.,他专程去看奶奶。,I came here specially to thank you.,我专程来这里感谢你。,She made a special trip to Singapore for the meeting.,她专程来新加坡参加会议。,made a special trip,specially,made a special trip,5
专门,specially; specifically; specialized,This room is specifically used for meetings.,这个房间是专门用来开会的。,I bought this book specially for you.,我专门给你买了这本书。,He works at a specialized research center.,他在一家专门的研究中心工作。,specifically,specially,specialized,5
严格来说,strictly speaking,"Strictly speaking, this answer is not completely correct.",严格来说，这个答案不完全正确。,"Strictly speaking, he is not a beginner anymore.",严格来说，他已经不是初学者了。,"Strictly speaking, this word is used in formal writing.",严格来说，这个词用于正式写作。,Strictly speaking,Strictly speaking,Strictly speaking,5
临时,temporary; at the last minute,We made a temporary decision to change the plan.,我们临时决定改变计划。,He found a temporary job during the holiday.,他假期找了一份临时工作。,The meeting was cancelled at the last minute.,会议临时取消了。,temporary,temporary,at the last minute,5
为了,for; in order to,He studies hard in order to pass the exam.,为了通过考试，他努力学习。,She saved money for the trip.,她为了旅行存钱。,"In order to protect the environment, we should use less plastic.",为了保护环境，我们应该少用塑料。,in order to,for,In order to,5
乃至,and even; even to the extent of,This problem affects students and even teachers.,这个问题影响学生，乃至老师。,"The storm damaged roads, houses, and even the power system.",暴风雨破坏了道路、房屋，乃至电力系统。,His words influenced his friends and even the whole class.,他的话影响了朋友，乃至整个班级。,and even,even,and even,5
之前,before; previously,Please call me before you leave.,你离开之前，请给我打电话。,I had never seen him before.,我之前从来没见过他。,Finish your homework before dinner.,晚饭之前把作业做完。,before,before,before,5
之后,after; afterwards,I went home after the meeting.,会议之后，我回家了。,"After finishing the report, he rested for a while.",做完报告之后，他休息了一会儿。,She became more confident afterwards.,之后，她变得更有信心了。,after,After,afterwards,5
也,also; too; as well,I also want to learn Chinese.,我也想学中文。,"He likes tea, and I like tea too.",他喜欢茶，我也喜欢茶。,This method is useful as well.,这个方法也很有用。,also,too,as well,5
也就是说,in other words; that is to say,"He cannot come today; in other words, we must start without him.",他今天不能来，也就是说，我们必须先开始。,"The task must be finished by Friday; that is to say, we only have three days left.",任务必须星期五前完成，也就是说，我们只剩三天了。,"This word is formal; in other words, it is not common in daily conversation.",这个词比较正式，也就是说，日常对话中不常用。,in other words,that is to say,in other words,5
也许,maybe; perhaps,Maybe he forgot about the meeting.,他也许忘了会议。,Perhaps this method will work.,这个方法也许有用。,Maybe she does not understand the rule yet.,她也许还不明白这个规则。,Maybe,Perhaps,Maybe,5
事实上,in fact; actually,"In fact, this problem is not difficult.",事实上，这个问题并不难。,"He looks calm, but actually he is very nervous.",他看起来很冷静，事实上很紧张。,"In fact, many people have the same question.",事实上，很多人都有同样的问题。,In fact,actually,In fact,5
于是,so; therefore; as a result,"It started raining, so we went home early.",开始下雨了，于是我们早点回家了。,"He did not understand the question, so he asked the teacher.",他不明白这个问题，于是问了老师。,"The shop was closed; as a result, we went somewhere else.",商店关门了，于是我们去了别的地方。,so,so,as a result,5
互相,each other; mutually,They often help each other.,他们经常互相帮助。,We should respect each other.,我们应该互相尊重。,The two friends looked at each other and laughed.,两个朋友互相看了看，然后笑了。,each other,each other,each other,5
亲自,personally; in person,The manager personally handled this problem.,经理亲自处理了这个问题。,She came in person to apologize.,她亲自来道歉。,I want to personally check the result.,我想亲自检查结果。,personally,in person,personally,5
仅,only; merely,This ticket is only valid today.,这张票仅今天有效。,He merely said one sentence.,他仅说了一句话。,The meeting lasted only ten minutes.,会议仅持续了十分钟。,only,merely,only,5
仅仅,only; merely; no more than,He is only twelve years old.,他仅仅十二岁。,This is merely a suggestion.,这仅仅是一个建议。,We waited for only five minutes.,我们仅仅等了五分钟。,only,merely,only,5
仍,still; yet,He still has not replied to my message.,他仍没有回复我的消息。,The problem still exists.,问题仍然存在。,She still remembers that day clearly.,她仍清楚地记得那一天。,still,still,still,5
仍旧,still; as before,He still lives in the same place as before.,他仍旧住在原来的地方。,The shop is still open until midnight.,这家店仍旧营业到半夜。,"After many years, she still looks very young.",过了很多年，她仍旧看起来很年轻。,still,still,still,5
仍然,still; nevertheless,He still refused to give up.,他仍然不肯放弃。,"Although it was difficult, she still finished the task.",虽然很困难，她仍然完成了任务。,The weather is still very hot today.,今天的天气仍然很热。,still,still,still,5
从来,always; ever; never before,He has always been honest with me.,他从来都对我很诚实。,I have never been to Shanghai before.,我从来没去过上海。,She never complains about work.,她从来不抱怨工作。,always,never before,never,5
从此,from then on; since then,"From then on, he stopped smoking.",从此，他不再抽烟。,"Since then, they became good friends.",从此，他们成了好朋友。,"From then on, she studied harder than before.",从此，她比以前更努力学习。,From then on,Since then,From then on,5
从而,thereby; thus; as a result,"Exercise can improve health, thereby reducing stress.",运动可以改善健康，从而减少压力。,"He explained the rules clearly, thus helping everyone understand the game.",他把规则解释清楚，从而帮助大家理解游戏。,"The company lowered prices, thereby attracting more customers.",公司降低了价格，从而吸引了更多顾客。,thereby,thus,thereby,5
以便,so that; in order to,Please arrive early so that we can prepare together.,请早点到，以便我们一起准备。,I wrote down the address in order to find the place later.,我记下了地址，以便之后找到那个地方。,He saved the file so that he could use it tomorrow.,他保存了文件，以便明天使用。,so that,in order to,so that,5
以免,so as not to; lest; to avoid,Take an umbrella so as not to get wet.,带把伞，以免淋湿。,Please check the answer again to avoid mistakes.,请再检查一遍答案，以免出错。,Speak quietly lest you wake the baby.,说话小声点，以免吵醒宝宝。,so as not to,to avoid,lest,5
以前,before; previously,I lived here before.,我以前住在这里。,"Before class, please review the lesson.",上课以前，请复习课文。,I had seen this movie previously.,我以前看过这部电影。,before,Before,previously,5
以后,after; later; in the future,Call me after you finish work.,你下班以后给我打电话。,I will be more careful in the future.,我以后会更小心。,"Later, he understood why she was angry.",以后，他明白了她为什么生气。,after,in the future,Later,5
以来,since,He has changed a lot since last year.,去年以来，他改变了很多。,"Since arriving in Singapore, she has made many friends.",来到新加坡以来，她交了很多朋友。,"Since that day, I have not seen him again.",那天以来，我再也没有见过他。,since,Since,Since,5
以来都,have always since; all along since,"Since childhood, he has always liked drawing.",从小以来，他都喜欢画画。,"Since joining the company, she has always worked hard.",进公司以来，她都很努力工作。,"Since the beginning, this rule has always been strict.",一开始以来，这个规定都很严格。,has always since,has always,has always,5
任意,any; arbitrary; freely,You may choose any seat.,你可以任意选择一个座位。,Enter any number between one and ten.,任意输入一个一到十之间的数字。,Do not change the settings freely.,不要任意更改设置。,any,any,freely,5
但是,but; however,"I wanted to go, but I was too busy.",我想去，但是我太忙了。,"This method is simple, however it is not very accurate.",这个方法很简单，但是不太准确。,"He is young, but he is very responsible.",他很年轻，但是很负责。,but,however,but,5
例如,for example; such as,"Many fruits are sweet, for example apples and grapes.",很多水果很甜，例如苹果和葡萄。,"You can use simple sentences, such as this one.",你可以用简单的句子，例如这一句。,"Some cities are very expensive, for example Tokyo.",有些城市很贵，例如东京。,for example,such as,for example,5
依据,according to; based on,"According to the rules, you cannot enter now.",依据规定，你现在不能进去。,We made this decision based on the data.,我们依据数据做出了这个决定。,The teacher graded the work according to the answer key.,老师依据答案批改作业。,According to,based on,according to,5
依旧,still; as before,The street is still very quiet at night.,这条街晚上依旧很安静。,"After ten years, he is still very friendly.",十年后，他依旧很友善。,"Although the plan failed, she still did not give up.",虽然计划失败了，她依旧没有放弃。,still,still,still,5
依次,in order; one after another,Please line up and enter in order.,请排好队，依次进入。,The teacher called the students’ names one after another.,老师依次叫学生的名字。,We checked each file in order.,我们依次检查了每个文件。,in order,one after another,in order,5
依然,still; as before,He still lives in that old house.,他依然住在那间老房子里。,The weather is still very hot today.,今天的天气依然很热。,"Although she failed, she still kept trying.",虽然她失败了，但她依然继续尝试。,still,still,still,5
便,then; so; just,"If there is no problem, then we can begin.",如果没有问题，我们便可以开始。,He heard the news and then left immediately.,他听到消息后便立刻离开了。,You can just put the documents here.,你把文件放在这里便可以了。,then,then,just,5
倒,actually; rather; instead,"I thought it would be difficult, but it was actually quite simple.",我以为会很难，倒挺简单的。,This idea is rather interesting.,这个想法倒很有意思。,"He was not angry; instead, he smiled.",他没有生气，倒笑了。,actually,rather,instead,5
倘若,if; supposing that,"If you need help, contact me anytime.",倘若你需要帮助，随时联系我。,"Supposing that the plan fails, we need another solution.",倘若计划失败，我们需要另一个办法。,"If he cannot come, we will postpone the meeting.",倘若他不能来，我们就推迟会议。,If,Supposing that,If,5
假如,if; supposing,"If I were you, I would explain it clearly.",假如我是你，我会解释清楚。,"Supposing tomorrow is a holiday, where do you want to go?",假如明天放假，你想去哪里？,"If we have enough time, we can review it again.",假如时间够，我们可以再复习一遍。,If,Supposing,If,5
偏偏,unexpectedly; of all things; deliberately,"I wanted to sleep early, but unexpectedly, my neighbor started singing.",我想早点睡，邻居偏偏开始唱歌。,"It did not rain all week, but of all things, it rained today.",一个星期都没下雨，偏偏今天下雨。,"He knew I was busy, but deliberately came to bother me.",他知道我很忙，偏偏来打扰我。,unexpectedly,of all things,deliberately,5
偶尔,occasionally; once in a while,I occasionally read novels before sleeping.,我睡前偶尔看小说。,He cooks at home once in a while.,他偶尔在家做饭。,We occasionally meet for coffee after work.,我们下班后偶尔一起喝咖啡。,occasionally,once in a while,occasionally,5
偶然,by chance; accidental,I met my old teacher by chance.,我偶然遇见了以前的老师。,This was an accidental mistake.,这是一个偶然的错误。,He discovered the answer by chance.,他偶然发现了答案。,by chance,accidental,by chance,5
偶然间,by chance; accidentally,"By chance, I saw his name on the list.",偶然间，我在名单上看到了他的名字。,She accidentally found an old letter.,她偶然间发现了一封旧信。,"By chance, they heard an important conversation.",偶然间，他们听到了一段重要的对话。,By chance,accidentally,By chance,5
免得,so as not to; to avoid; lest,Close the window so as not to let the rain come in.,把窗户关上，免得雨飘进来。,Leave earlier to avoid missing the train.,早点出门，免得错过火车。,Speak quietly lest you disturb the others.,小声说话，免得打扰别人。,so as not to,to avoid,lest,5
全部,all; whole; complete,I read all the documents.,我看完了全部文件。,The whole class joined the activity.,全部学生都参加了活动。,He spent all his money on books.,他把全部钱都花在书上了。,all,whole,all,5
全都,all; entirely,They all passed the exam.,他们全都通过了考试。,The lights were all turned off.,灯全都关了。,I entirely forgot about the meeting.,我全都忘了会议的事。,all,all,entirely,5
共同,common; jointly; together,They have a common interest.,他们有共同的兴趣。,We jointly finished the report.,我们共同完成了报告。,This is a problem we must solve together.,这是我们必须共同解决的问题。,common,jointly,together,5
关于,about; regarding,This article is about education.,这篇文章是关于教育的。,"Regarding your question, I need more time to think.",关于你的问题，我需要更多时间考虑。,I watched a video about Chinese grammar.,我看了一个关于中文语法的视频。,about,Regarding,about,5
其实,actually; in fact,"Actually, I do not agree with him.",其实，我不同意他的看法。,"He looks serious, but in fact he is very kind.",他看起来很严肃，其实很亲切。,"Actually, this word is common in spoken Chinese.",其实，这个词在口语里很常见。,Actually,in fact,Actually,5
其次,secondly; next,"First, check the answer; secondly, correct the mistake.",首先检查答案，其次改正错误。,"Next, we need to discuss the cost.",其次，我们需要讨论费用。,"Good pronunciation is important; secondly, grammar is also important.",发音很重要，其次，语法也很重要。,secondly,Next,secondly,5
再三,repeatedly; again and again,I repeatedly told him not to forget his passport.,我再三提醒他不要忘记护照。,She checked the address again and again.,她再三确认地址。,The doctor repeatedly warned him to rest more.,医生再三提醒他要多休息。,repeatedly,again and again,repeatedly,5
再也,no longer; never again,I will never again trust that excuse.,我再也不会相信那个借口了。,He no longer wants to stay there.,他再也不想待在那里了。,"After that, she never again arrived late.",从那以后，她再也没有迟到。,never again,no longer,never again,5
再加上,in addition; plus; on top of that,"The room is small; in addition, it is noisy.",房间很小，再加上很吵。,"He has no time, plus he is sick today.",他没有时间，再加上今天生病了。,"The work is difficult; on top of that, the deadline is tight.",工作很难，再加上时间很紧。,in addition,plus,on top of that,5
再次,again; once again,Please read the sentence again.,请再次读这个句子。,He once again apologized to everyone.,他再次向大家道歉。,Thank you again for your support.,再次感谢你的支持。,again,once again,again,5
再说,besides; moreover; anyway,"I do not want to go out; besides, it is raining.",我不想出去，再说，外面还在下雨。,"This plan is too expensive; moreover, we do not have enough time.",这个计划太贵了，再说，我们也没有足够的时间。,"Let us not talk about it now; anyway, it is already over.",我们现在别谈这件事了，再说，事情已经过去了。,besides,moreover,anyway,5
准,certainly; accurately; on time,He will certainly come tomorrow.,他明天准会来。,This clock tells time accurately.,这个钟走得很准。,The train arrived on time.,火车准时到了。,certainly,accurately,on time,5
几乎,almost; nearly,I almost forgot his name.,我几乎忘了他的名字。,The room was nearly full.,房间里几乎坐满了。,He almost never makes mistakes.,他几乎不犯错误。,almost,nearly,almost,5
几乎不,hardly; almost not,He hardly speaks during meetings.,他开会时几乎不说话。,I almost did not recognize her.,我几乎不认识她了。,This method hardly works in real situations.,这个方法在实际情况中几乎不起作用。,hardly,almost did not,hardly,5
凭,based on; relying on; by,He made the decision based on experience.,他凭经验做出了决定。,She passed the exam relying on hard work.,她凭努力通过了考试。,You can enter by showing your ticket.,你可以凭票入场。,based on,relying on,by,5
分别,separately; respectively,Please answer these two questions separately.,请分别回答这两个问题。,They are from Singapore and Malaysia respectively.,他们分别来自新加坡和马来西亚。,The teacher spoke to the students separately.,老师分别跟学生谈话。,separately,respectively,separately,5
分外,especially; particularly,The sky looks especially clear today.,今天的天空分外晴朗。,She was particularly happy after hearing the news.,听到这个消息后，她分外高兴。,The room felt especially quiet at night.,晚上的房间分外安静。,especially,particularly,especially,5
切勿,do not; must not,Do not touch the machine while it is running.,机器运转时，切勿触碰。,Must not enter this area without permission.,未经允许，切勿进入此区域。,Do not forget to save your file.,切勿忘记保存文件。,Do not,Must not,Do not,5
刚刚,just; just now,I just finished my homework.,我刚刚做完作业。,He just left the office.,他刚刚离开办公室。,She called me just now.,她刚刚给我打了电话。,just,just,just now,5
刚好,just right; exactly; happen to,This shirt fits just right.,这件衬衫刚好合身。,We arrived at exactly eight o’clock.,我们刚好八点到。,I happened to meet him at the station.,我刚好在车站遇见了他。,just right,exactly,happened to,5
刚才,just now; a moment ago,I saw him just now.,我刚才看到他了。,What did you say a moment ago?,你刚才说什么？,She was here just now.,她刚才还在这里。,just now,a moment ago,just now,5
到处,everywhere; all over the place,There are flowers everywhere in the park.,公园里到处都是花。,He looked for his keys all over the place.,他到处找钥匙。,"During the holiday, tourists were everywhere.",假期里，到处都是游客。,everywhere,all over the place,everywhere,5
到底,exactly; in the end; after all,What exactly do you want to say?,你到底想说什么？,"In the end, he chose to stay.",他到底还是选择留下来。,She is still a child after all.,她到底还是个孩子。,exactly,In the end,after all,5
前面,in front; ahead; the previous part,There is a bus stop in front of the school.,学校前面有一个公交站。,The road ahead is under construction.,前面的路正在施工。,The previous part of the article is easier.,文章前面的部分比较简单。,in front,ahead,previous,5
加上,add; plus; combined with,Add his name to the list.,把他的名字加上去。,"The ticket costs fifty dollars, plus tax.",票价五十块，加上税。,"Combined with the bad weather, the traffic became worse.",加上天气不好，交通变得更糟。,Add,plus,Combined with,5
务必,be sure to; must,Please be sure to arrive before eight.,请务必八点以前到。,You must check the answer again.,你务必再检查一遍答案。,Be sure to bring your passport tomorrow.,明天务必带上护照。,be sure to,must,Be sure to,5
十分,very; extremely,This question is very important.,这个问题十分重要。,She was extremely nervous before the exam.,考试前她十分紧张。,The teacher explained it very clearly.,老师解释得十分清楚。,very,extremely,very,5
千万,absolutely; must; by all means,You must not forget this rule.,你千万不要忘记这个规则。,Please be absolutely careful when crossing the road.,过马路时千万要小心。,"By all means, tell me if you need help.",如果需要帮助，千万告诉我。,must,absolutely,By all means,5
即便,even if; even though,"Even if it rains, we will continue the activity.",即便下雨，我们也会继续活动。,"Even though he was tired, he kept working.",即便很累，他还是继续工作。,"Even if the result is not good, we should not give up.",即便结果不好，我们也不应该放弃。,Even if,Even though,Even if,5
即刻,immediately; at once,Please leave immediately.,请即刻离开。,The doctor asked him to stop working at once.,医生要求他即刻停止工作。,"After hearing the news, she immediately called her family.",听到消息后，她即刻打电话给家人。,immediately,at once,immediately,5
却,but; yet; however,"He is young, but very capable.",他很年轻，却很有能力。,"I wanted to help him, yet he refused.",我想帮他，他却拒绝了。,"The answer looked simple; however, it was wrong.",答案看起来很简单，却是错的。,but,yet,however,5
历来,always; throughout history,This city has always valued education.,这座城市历来重视教育。,"Throughout history, this area has been important for trade.",这个地区历来是贸易重地。,He has always been strict with himself.,他历来对自己要求很严格。,always,Throughout history,always,5
原来,originally; it turns out; former,This building was originally a school.,这栋楼原来是一所学校。,It turns out that he already knew the answer.,原来他早就知道答案了。,My former plan was to leave tomorrow.,我原来打算明天离开。,originally,It turns out,former,5
又,again; also; both,He came again today.,他今天又来了。,This book is useful and also interesting.,这本书又有用又有趣。,She is both smart and hardworking.,她又聪明又努力。,again,also,both,5
反之,conversely; on the contrary,"If you work hard, you will improve; conversely, you will fall behind.",你努力就会进步，反之就会落后。,"Good habits help you succeed; on the contrary, bad habits slow you down.",好习惯帮助你成功，反之，坏习惯会拖慢你。,"If the answer is correct, keep it; conversely, change it.",如果答案正确，就保留；反之，就修改。,conversely,on the contrary,conversely,5
反倒,instead; on the contrary,"I wanted to comfort him, but instead made him angrier.",我想安慰他，反倒让他更生气。,"The medicine did not help; on the contrary, it made him feel worse.",药没有帮助他，反倒让他更难受。,"After resting, I felt even more tired instead.",休息以后，我反倒更累了。,instead,on the contrary,instead,5
反正,anyway; in any case,I am not going anyway.,反正我不去了。,"In any case, we still have enough time.",反正我们还有足够的时间。,"Anyway, this problem is not urgent.",反正这个问题不急。,anyway,In any case,Anyway,5
反而,instead; on the contrary,"He did not get angry; instead, he smiled.",他没有生气，反而笑了。,"The explanation did not make things clearer; on the contrary, it made them more confusing.",这个解释没有让事情更清楚，反而更让人困惑。,"The more I thought about it, the less certain I became instead.",我越想，反而越不确定。,instead,on the contrary,instead,5
另一方面,on the other hand,"On the other hand, this plan may cost too much.",另一方面，这个计划可能花费太高。,"The job is tiring; on the other hand, it gives him valuable experience.",这份工作很累，另一方面，也给了他宝贵的经验。,"On the other hand, we should consider the students’ opinions.",另一方面，我们也应该考虑学生的意见。,On the other hand,on the other hand,On the other hand,5
另外,additionally; another; separately,"Additionally, we need to check the data.",另外，我们还需要检查数据。,I bought another notebook.,我另外买了一本笔记本。,We will discuss this matter separately.,这件事我们另外讨论。,Additionally,another,separately,5
只,only; just,I only have ten dollars.,我只有十块钱。,He just wants to ask one question.,他只是想问一个问题。,Only three students came today.,今天只来了三个学生。,only,just,Only,5
只好,have no choice but to,"The train was cancelled, so we had no choice but to take a bus.",火车取消了，我们只好坐公交车。,He had no choice but to apologize.,他只好道歉。,"Because no one answered, I had no choice but to leave a message.",因为没人接电话，我只好留言。,had no choice but to,had no choice but to,had no choice but to,5
只得,have no choice but to; had to,He had to accept the result.,他只得接受这个结果。,We had no choice but to wait outside.,我们只得在外面等。,"Since the shop was closed, she had to go home.",店已经关门了，她只得回家。,had to,had no choice but to,had to,5
只是,only; just; but,I only wanted to help.,我只是想帮忙。,This is just a small mistake.,这只是一个小错误。,"I wanted to go, but I did not have time.",我想去，只是没有时间。,only,just,but,5
只要,as long as; provided that,"As long as you practice every day, you will improve.",只要你每天练习，就会进步。,"Provided that the weather is good, we will go hiking.",只要天气好，我们就去爬山。,"As long as he agrees, we can start.",只要他同意，我们就可以开始。,As long as,Provided that,As long as,5
可惜,unfortunately; it is a pity,"Unfortunately, we missed the last train.",可惜，我们错过了最后一班车。,It is a pity that he cannot join us.,可惜他不能参加。,"The food was good, but unfortunately the service was slow.",食物不错，可惜服务很慢。,Unfortunately,It is a pity,unfortunately,5
可是,but; however,"I wanted to buy it, but it was too expensive.",我想买，可是太贵了。,"He worked hard; however, he still failed.",他很努力，可是还是失败了。,"The room is small, but very clean.",房间很小，可是很干净。,but,however,but,5
可能,maybe; possible; likely,Maybe he forgot the meeting.,他可能忘了会议。,"This answer is possible, but not certain.",这个答案可能是对的，但不确定。,It is likely to rain tomorrow.,明天可能会下雨。,Maybe,possible,likely,5
各自,each; respective,The students returned to their respective classrooms.,学生们回到各自的教室。,They each expressed their opinion.,他们各自表达了自己的看法。,"After the meeting, everyone went back to their respective work.",会议结束后，大家回到各自的工作中。,respective,each,respective,5
同时,at the same time; simultaneously,He studies and works at the same time.,他同时学习和工作。,The two machines started simultaneously.,两台机器同时启动了。,This method saves time and improves quality at the same time.,这个方法同时节省时间并提高质量。,at the same time,simultaneously,at the same time,5
后来,later; afterwards,"Later, he became a teacher.",后来，他成了一名老师。,"I did not understand at first, but afterwards I understood.",我一开始不明白，后来明白了。,"Later, she moved to another city.",后来，她搬到了另一个城市。,Later,afterwards,Later,5
后面,behind; later part; back,There is a garden behind the house.,房子后面有一个花园。,The later part of the story is more interesting.,故事后面的部分更有意思。,Please sit at the back.,请坐在后面。,behind,later,back,5
向来,always; all along,He has always been careful with money.,他向来花钱很小心。,This school has always valued discipline.,这所学校向来重视纪律。,She has always disliked noisy places.,她向来不喜欢吵闹的地方。,always,always,always,5
否则,otherwise; if not,"Hurry up, otherwise we will miss the bus.",快点，否则我们会错过公交车。,"You should save the file, otherwise you may lose your work.",你应该保存文件，否则可能会丢失内容。,"Follow the rules, otherwise you cannot enter.",遵守规定，否则你不能进去。,otherwise,otherwise,otherwise,5
哪儿,where; anywhere,Where are you going after class?,下课以后你要去哪儿？,I do not know where he lives.,我不知道他住在哪儿。,You can sit anywhere you like.,你喜欢坐哪儿就坐哪儿。,Where,where,anywhere,5
四处,everywhere; all around,He looked everywhere for his phone.,他四处找手机。,The children ran all around the park.,孩子们在公园里四处跑。,"After the storm, leaves were everywhere.",暴风雨过后，四处都是树叶。,everywhere,all around,everywhere,5
因为,because,I stayed home because it was raining.,因为下雨，我待在家里。,He was late because the traffic was bad.,他因为交通不好迟到了。,"Because she studied hard, she passed the exam.",因为她努力学习，所以通过了考试。,because,because,Because,5
因此,therefore; because of this,"It rained heavily; therefore, the match was cancelled.",雨下得很大，因此比赛取消了。,"He forgot his password; because of this, he could not log in.",他忘了密码，因此无法登录。,"The cost is too high; therefore, we need another plan.",成本太高，因此我们需要另一个计划。,therefore,because of this,therefore,5
因而,therefore; as a result,"The road was blocked; therefore, we arrived late.",道路被堵住了，因而我们迟到了。,"He worked hard, and as a result, he improved quickly.",他很努力，因而进步很快。,"The product was too expensive; therefore, few people bought it.",产品太贵，因而很少有人购买。,therefore,as a result,therefore,5
处处,everywhere; in every aspect,There are signs everywhere in the building.,楼里处处都有标志。,He is careful in every aspect.,他处处都很小心。,This rule affects students everywhere on campus.,这个规定在校园里处处影响学生。,everywhere,in every aspect,everywhere,5
外面,outside; outside area,It is raining outside.,外面在下雨。,Please wait outside the classroom.,请在教室外面等。,The outside area is very crowded.,外面很拥挤。,outside,outside,outside area,5
多半,probably; most likely,He is probably still at work.,他多半还在上班。,She most likely forgot the meeting.,她多半忘了会议。,This problem is probably caused by the network.,这个问题多半是网络造成的。,probably,most likely,probably,5
多数,majority; most,The majority of students agreed with the decision.,多数学生同意这个决定。,Most people prefer simple explanations.,多数人喜欢简单的解释。,"In this class, the majority are beginners.",这个班里多数是初学者。,majority,Most,majority,5
多数时候,most of the time,"Most of the time, he works from home.",多数时候，他在家工作。,She is quiet most of the time.,她多数时候都很安静。,"Most of the time, this method works well.",多数时候，这个方法很好用。,Most of the time,most of the time,Most of the time,5
多次,many times; repeatedly,I have explained this many times.,我已经多次解释这件事。,He repeatedly asked the same question.,他多次问同一个问题。,She visited that city many times.,她多次去过那个城市。,many times,repeatedly,many times,5
大体,generally; roughly,I generally understand what you mean.,我大体明白你的意思。,The plan is roughly complete.,计划大体完成了。,"Generally, the results are acceptable.",大体来看，结果可以接受。,generally,roughly,Generally,5
大多,mostly; most,The students are mostly from Singapore.,学生大多来自新加坡。,Most of the problems are easy to solve.,问题大多容易解决。,These books are mostly about history.,这些书大多是关于历史的。,mostly,Most,mostly,5
大概,probably; about; roughly,He will probably arrive at six.,他大概六点到。,The meeting lasted about two hours.,会议大概持续了两个小时。,I roughly know what happened.,我大概知道发生了什么。,probably,about,roughly,5
大约,approximately; about,The trip takes approximately thirty minutes.,路程大约需要三十分钟。,There were about fifty people in the room.,房间里大约有五十个人。,He arrived at approximately eight o’clock.,他大约八点到了。,approximately,about,approximately,5
大致,roughly; more or less,I roughly understand the situation.,我大致了解情况。,The two answers are more or less the same.,这两个答案大致相同。,He explained the plan roughly.,他大致说明了计划。,roughly,more or less,roughly,5
太,too; very,This question is too difficult.,这个问题太难了。,She was very happy after hearing the news.,听到这个消息后，她太高兴了。,The room is too small for ten people.,这个房间太小，坐不下十个人。,too,very,too,5
好不容易,with great difficulty; finally,I finally found the correct answer.,我好不容易找到了正确答案。,He passed the exam with great difficulty.,他好不容易通过了考试。,We finally arrived before the meeting started.,我们好不容易在会议开始前到了。,finally,with great difficulty,finally,5
如今,nowadays; now,"Nowadays, many people work from home.",如今，很多人在家工作。,He is now a successful engineer.,如今，他是一名成功的工程师。,"Nowadays, learning online is very common.",如今，在线学习很常见。,Nowadays,now,Nowadays,5
如今看来,looking at it now; from today’s perspective,"Looking at it now, that decision was correct.",如今看来，那个决定是对的。,"From today’s perspective, this method is outdated.",如今看来，这个方法已经过时了。,"Looking at it now, he was right.",如今看来，他是对的。,Looking at it now,From today’s perspective,Looking at it now,5
如果,if,"If you have time, please help me check this sentence.",如果你有时间，请帮我检查这个句子。,"If it rains tomorrow, we will stay at home.",如果明天下雨，我们就待在家里。,"If he agrees, we can start the project.",如果他同意，我们就可以开始项目。,If,If,If,5
姑且,for the time being; tentatively,Let us accept this explanation for the time being.,我们姑且接受这个解释。,"Tentatively, we can use this plan first.",我们姑且先用这个计划。,Let us treat this answer as correct for now.,我们姑且把这个答案当作正确的。,for the time being,Tentatively,for now,5
完全,completely; entirely,I completely understand your meaning.,我完全明白你的意思。,This answer is entirely wrong.,这个答案完全错了。,He completely forgot about the meeting.,他完全忘了会议的事。,completely,entirely,completely,5
实在,really; truly; indeed,This question is really difficult.,这个问题实在太难了。,I truly cannot agree with this decision.,我实在不能同意这个决定。,He is indeed a very responsible person.,他实在是一个很负责的人。,really,truly,indeed,5
实际上,actually; in fact,"Actually, this rule is not complicated.",实际上，这个规则并不复杂。,"He looks calm, but in fact he is nervous.",他看起来很冷静，实际上很紧张。,"Actually, many students make this mistake.",实际上，很多学生都会犯这个错误。,Actually,in fact,Actually,5
对,correct; toward; to,Your answer is correct.,你的答案是对的。,He is very kind toward his classmates.,他对同学很友好。,Please say sorry to him.,请对他说对不起。,correct,toward,to,5
对于,regarding; toward; for,"Regarding this problem, I have a different opinion.",对于这个问题，我有不同的看法。,"For beginners, this grammar point is useful.",对于初学者来说，这个语法点很有用。,He is very serious toward his work.,他对于工作非常认真。,Regarding,For,toward,5
将来,future; in the future,I want to become a teacher in the future.,我将来想当老师。,This decision will affect the future.,这个决定会影响将来。,"In the future, technology will change education.",将来，科技会改变教育。,in the future,future,In the future,5
尚未,not yet; still have not,The result has not yet been announced.,结果尚未公布。,He still has not replied to my email.,他尚未回复我的邮件。,The problem has not yet been solved.,这个问题尚未解决。,not yet,still has not,not yet,5
尤其,especially; particularly,"I like sports, especially swimming.",我喜欢运动，尤其喜欢游泳。,This method is particularly useful for beginners.,这个方法对初学者尤其有用。,"He is busy this week, especially today.",他这个星期很忙，尤其是今天。,especially,particularly,especially,5
尤其是,especially; particularly,"I like Chinese food, especially noodles.",我喜欢中国菜，尤其是面条。,"Many students find grammar difficult, especially word order.",很多学生觉得语法很难，尤其是语序。,"This place is crowded on weekends, especially at night.",这个地方周末很拥挤，尤其是晚上。,especially,especially,especially,5
就,then; just; exactly,"If you are ready, then we can start.",如果你准备好了，我们就可以开始。,I just want to ask one question.,我就想问一个问题。,This is exactly the book I was looking for.,这就是我在找的那本书。,then,just,exactly,5
就是,exactly; namely; just,This is exactly what I mean.,这就是我的意思。,His problem is namely that he gives up too easily.,他的问题就是太容易放弃。,I just do not understand this sentence.,我就是不明白这个句子。,exactly,namely,just,5
尽力,do one’s best; try hard,I will do my best to finish the work today.,我会尽力今天完成工作。,He tried hard to explain the problem clearly.,他尽力把问题解释清楚。,Please do your best to help her.,请你尽力帮她。,do my best,tried hard,do your best,5
尽可能,as much as possible; as far as possible,Please speak as slowly as possible.,请尽可能说慢一点。,We should reduce mistakes as much as possible.,我们应该尽可能减少错误。,I will help you as far as possible.,我会尽可能帮助你。,as slowly as possible,as much as possible,as far as possible,5
尽快,as soon as possible,Please reply as soon as possible.,请尽快回复。,We need to solve this problem as soon as possible.,我们需要尽快解决这个问题。,I will send you the file as soon as possible.,我会尽快把文件发给你。,as soon as possible,as soon as possible,as soon as possible,5
尽情,to one’s heart’s content; freely,The children played to their heart’s content.,孩子们尽情地玩。,You can express your ideas freely.,你可以尽情表达自己的想法。,She sang to her heart’s content at the party.,她在聚会上尽情地唱歌。,to their heart’s content,freely,to her heart’s content,5
尽早,as early as possible,Please submit the form as early as possible.,请尽早提交表格。,We should find a solution as early as possible.,我们应该尽早找到解决办法。,Tell me as early as possible if you cannot come.,如果你不能来，请尽早告诉我。,as early as possible,as early as possible,as early as possible,5
尽管,although; despite; feel free to,"Although he was tired, he kept working.",尽管他很累，还是继续工作。,"Despite the rain, many people came.",尽管下雨，还是有很多人来了。,Feel free to ask me if you have questions.,有问题尽管问我。,Although,Despite,Feel free to,5
尽量,try one’s best to; as much as possible,Please try your best to arrive early.,请尽量早点到。,I will try to avoid making the same mistake.,我会尽量避免犯同样的错误。,Use simple words as much as possible.,尽量使用简单的词。,try your best to,try to,as much as possible,5
居然,unexpectedly; actually; to one’s surprise,He unexpectedly finished the work in one day.,他居然一天就把工作做完了。,She actually remembered my birthday.,她居然记得我的生日。,"To my surprise, he passed the exam without studying much.",他没怎么复习，居然通过了考试。,unexpectedly,actually,To my surprise,5
差一点,almost; nearly,I almost missed the last bus.,我差一点错过最后一班公交车。,She nearly fell down the stairs.,她差一点从楼梯上摔下来。,We almost forgot to bring the tickets.,我们差一点忘了带票。,almost,nearly,almost,5
差不多,almost; about the same; nearly,The two answers are almost the same.,这两个答案差不多。,The meeting lasted about two hours.,会议差不多开了两个小时。,I have nearly finished the report.,我差不多写完报告了。,almost,about,nearly,5
差点,almost; nearly,He almost lost his wallet.,他差点丢了钱包。,I nearly said the wrong answer.,我差点说错答案。,The child almost broke the cup.,孩子差点打破杯子。,almost,nearly,almost,5
差点儿,almost; nearly,I almost forgot your name.,我差点儿忘了你的名字。,He nearly missed the meeting.,他差点儿错过会议。,She almost cried after hearing the news.,她听到这个消息后差点儿哭了。,almost,nearly,almost,5
已经,already,I have already finished my homework.,我已经做完作业了。,He already knows the answer.,他已经知道答案了。,The train has already left.,火车已经开走了。,already,already,already,5
常常,often; frequently,He often goes jogging after work.,他下班后常常去跑步。,She frequently asks useful questions in class.,她上课时常常问有用的问题。,I often drink tea in the morning.,我早上常常喝茶。,often,frequently,often,5
平常,usually; ordinary; normal,I usually eat breakfast at seven.,我平常七点吃早饭。,This is an ordinary weekday.,这是一个平常的工作日。,He looks quieter than normal today.,他今天比平常安静。,usually,ordinary,normal,5
平时,usually; in ordinary times,I usually study Chinese at night.,我平时晚上学中文。,"In ordinary times, he does not talk much.",平时他不太说话。,She usually takes the bus to school.,她平时坐公交车去学校。,usually,In ordinary times,usually,5
并,and; also; at all,Please check the file and send it to me.,请检查文件并发给我。,He agreed and also gave some advice.,他同意了，并提出了一些建议。,This problem is not difficult at all.,这个问题并不难。,and,also,at all,5
并不,not really; not at all,This sentence is not really difficult.,这个句子并不难。,He is not at all angry.,他并不生气。,The result is not as bad as we thought.,结果并不像我们想的那么糟。,not really,not at all,not,5
并且,and; furthermore; moreover,He finished the report and sent it to the manager.,他完成了报告，并且发给了经理。,This method is simple and useful.,这个方法简单，并且有用。,"She studies hard; furthermore, she helps her classmates.",她学习很努力，并且经常帮助同学。,and,and,furthermore,5
并未,has not; did not; not yet,He has not replied to my message.,他并未回复我的消息。,The teacher did not explain the reason.,老师并未说明原因。,This problem has not yet been solved.,这个问题并未解决。,has not,did not,not yet,5
幸亏,fortunately; luckily,"Fortunately, you reminded me.",幸亏你提醒了我。,"Luckily, we left early and avoided the traffic jam.",幸亏我们早点出门，避开了堵车。,"Fortunately, he found his passport before leaving.",幸亏他出门前找到了护照。,Fortunately,Luckily,Fortunately,5
幸好,fortunately; luckily,"Fortunately, the rain stopped before the event.",幸好活动开始前雨停了。,"Luckily, I saved the file earlier.",幸好我之前保存了文件。,"Fortunately, no one was hurt.",幸好没有人受伤。,Fortunately,Luckily,Fortunately,5
应当,should; ought to,Students should respect their teachers.,学生应当尊重老师。,We ought to follow the rules.,我们应当遵守规定。,You should think carefully before deciding.,你应当先仔细考虑再决定。,should,ought to,should,5
应该,should; supposed to; probably,You should finish your homework first.,你应该先完成作业。,He is supposed to arrive before six.,他应该六点前到。,It will probably rain tomorrow.,明天应该会下雨。,should,supposed to,probably,5
异常,extremely; abnormal,He was extremely calm during the emergency.,紧急情况下，他异常冷静。,The system showed an abnormal error message.,系统显示了异常的错误信息。,The room was extremely quiet.,房间里异常安静。,extremely,abnormal,extremely,5
当场,on the spot; immediately,The teacher corrected the mistake on the spot.,老师当场改正了这个错误。,He apologized immediately after hearing the complaint.,听到投诉后，他当场道歉。,The manager made the decision on the spot.,经理当场做出了决定。,on the spot,immediately,on the spot,5
当时,at that time; then,I was still a student at that time.,我当时还是学生。,"Then, I did not understand why he left.",我当时不明白他为什么离开。,"At that time, this area was very quiet.",当时，这个地区很安静。,at that time,Then,At that time,5
当然,of course; naturally,"Of course, you can ask me questions.",当然，你可以问我问题。,He is naturally happy after passing the exam.,他通过了考试，当然很高兴。,"Of course, this method is not perfect.",当然，这个方法并不完美。,Of course,naturally,Of course,5
往后,from now on; later; afterward,"From now on, I will be more careful.",往后，我会更加小心。,"Later, he rarely mentioned that matter again.",往后，他很少再提那件事。,The story becomes more interesting afterward.,故事往后变得更有意思。,From now on,Later,afterward,5
往往,often; usually; tend to,People often ignore small problems.,人们往往忽视小问题。,Beginners usually make this mistake.,初学者往往会犯这个错误。,Simple methods tend to be more effective.,简单的方法往往更有效。,often,usually,tend to,5
很,very; quite,This sentence is very useful.,这个句子很有用。,He is quite busy today.,他今天很忙。,The weather is very cold tonight.,今晚的天气很冷。,very,quite,very,5
得,so; to the extent that,He was so tired that he fell asleep immediately.,他累得马上睡着了。,She spoke so quickly that I could not understand.,她说得太快，我听不懂。,The child laughed so happily that everyone smiled.,孩子笑得很开心，大家都笑了。,so,so,so,5
必定,certainly; surely; inevitably,He will certainly regret this decision.,他必定会后悔这个决定。,Hard work will surely bring progress.,努力必定会带来进步。,This problem will inevitably affect the result.,这个问题必定会影响结果。,certainly,surely,inevitably,5
必然,inevitable; bound to; necessarily,Failure is not inevitable.,失败并不是必然的。,This decision is bound to cause discussion.,这个决定必然会引起讨论。,Growth necessarily comes with difficulties.,成长必然伴随着困难。,inevitable,bound to,necessarily,5
必须,must; have to,You must finish this before tomorrow.,你必须在明天以前完成这个。,We have to follow the rules.,我们必须遵守规定。,Students must submit their homework on time.,学生必须按时交作业。,must,have to,must,5
忍不住,cannot help but; unable to resist,I could not help but laugh.,我忍不住笑了。,She could not help crying after hearing the news.,听到这个消息后，她忍不住哭了。,He was unable to resist asking another question.,他忍不住又问了一个问题。,could not help but,could not help,unable to resist,5
忽然,suddenly,The lights suddenly went out.,灯忽然灭了。,He suddenly remembered an important thing.,他忽然想起了一件重要的事。,"Suddenly, it started raining heavily.",忽然下起了大雨。,suddenly,suddenly,Suddenly,5
怪不得,no wonder,No wonder he looks so tired.,怪不得他看起来这么累。,No wonder this sentence sounds strange.,怪不得这个句子听起来很奇怪。,No wonder she did not come; she was sick.,怪不得她没来，原来她生病了。,No wonder,No wonder,No wonder,5
总,always; eventually; after all,He always forgets to bring his keys.,他总忘记带钥匙。,Problems will eventually be solved.,问题总会解决的。,"After all, he is still a beginner.",他总还是个初学者。,always,eventually,After all,5
总之,in short; in brief; anyway,"In short, this plan is not suitable.",总之，这个计划不合适。,"In brief, we need more time.",总之，我们需要更多时间。,"Anyway, you should check the answer again.",总之，你应该再检查一遍答案。,In short,In brief,Anyway,5
总是,always,He always arrives late.,他总是迟到。,She always helps her classmates.,她总是帮助同学。,This computer always has problems.,这台电脑总是出问题。,always,always,always,5
总算,finally; at long last,I finally finished the report.,我总算完成了报告。,"At long last, he understood the rule.",他总算明白了这个规则。,We finally found the correct address.,我们总算找到了正确的地址。,finally,At long last,finally,5
总而言之,in summary; all in all; to sum up,"In summary, this method is useful but slow.",总而言之，这个方法有用，但是很慢。,"All in all, the meeting was successful.",总而言之，会议很成功。,"To sum up, we should start earlier next time.",总而言之，下次我们应该早点开始。,In summary,All in all,To sum up,5
恐怕,I’m afraid; probably,I’m afraid he cannot come today.,恐怕他今天不能来了。,This answer is probably wrong.,这个答案恐怕是错的。,I’m afraid we do not have enough time.,恐怕我们没有足够的时间。,I’m afraid,probably,I’m afraid,5
恰好,just right; exactly; happen to,This size is just right.,这个大小恰好。,We arrived at exactly six o’clock.,我们恰好六点到了。,I happened to meet him at the library.,我恰好在图书馆遇见了他。,just right,exactly,happened to,5
恰巧,by coincidence; happen to; just then,"By coincidence, we took the same train.",我们恰巧坐了同一班火车。,I happened to see her at the station.,我恰巧在车站看见了她。,"Just then, the teacher walked in.",恰巧这时，老师走了进来。,By coincidence,happened to,Just then,5
慢慢,slowly; gradually,Please speak slowly.,请慢慢说。,He gradually became more confident.,他慢慢变得更有信心。,The sky slowly became dark.,天慢慢黑了下来。,slowly,gradually,slowly,5
或许,perhaps; maybe,Perhaps he has already left.,他或许已经离开了。,Maybe this method will work.,这个方法或许有用。,Perhaps she does not know the truth yet.,她或许还不知道真相。,Perhaps,Maybe,Perhaps,5
所以,so; therefore,"I was tired, so I went home early.",我很累，所以早点回家了。,"He did not study, therefore he failed the exam.",他没有复习，所以考试不及格。,"It was raining, so we stayed inside.",外面在下雨，所以我们待在里面。,so,therefore,so,5
才,only then; just; not until,He only understood the meaning after the teacher explained it.,老师解释以后，他才明白意思。,I just arrived ten minutes ago.,我十分钟前才到。,She did not start studying until the exam was near.,快考试了，她才开始复习。,only,just,not until,5
才刚,just now; only just,He only just started learning Chinese.,他才刚开始学中文。,I just finished the first page.,我才刚看完第一页。,She had only just arrived when it started raining.,她才刚到，就开始下雨了。,only just,just,only just,5
按照,according to; in accordance with,Please complete the form according to the instructions.,请按照说明填写表格。,We acted in accordance with the rules.,我们按照规定办事。,"According to the schedule, the meeting starts at nine.",按照时间表，会议九点开始。,according to,in accordance with,According to,5
挺,quite; rather,This restaurant is quite good.,这家餐厅挺不错的。,He is rather busy today.,他今天挺忙的。,This grammar point is quite useful.,这个语法点挺有用的。,quite,rather,quite,5
换句话说,in other words,"He failed the test; in other words, he needs to study again.",他考试没通过，换句话说，他需要重新复习。,"This word is formal; in other words, it is not common in daily speech.",这个词比较正式，换句话说，日常说话不常用。,"The plan is too risky; in other words, we should not use it.",这个计划风险太高，换句话说，我们不应该采用。,in other words,in other words,in other words,5
换言之,in other words; that is to say,"This method is inefficient; in other words, it wastes too much time.",这个方法效率不高，换言之，它浪费太多时间。,"He lacks experience; that is to say, he still needs guidance.",他缺少经验，换言之，他还需要指导。,"The answer is incomplete; in other words, it cannot get full marks.",这个答案不完整，换言之，不能拿满分。,in other words,that is to say,in other words,5
接着,then; next; immediately after,He finished breakfast and then went to work.,他吃完早饭，接着去上班。,"Next, please read the second paragraph.",接着，请读第二段。,"Immediately after the meeting, she called her manager.",会议结束后，她接着给经理打电话。,then,Next,Immediately after,5
故意,deliberately; on purpose,He deliberately ignored my question.,他故意不回答我的问题。,She said it loudly on purpose.,她故意说得很大声。,The child deliberately hid the book.,孩子故意把书藏起来。,deliberately,on purpose,deliberately,5
整整,fully; a whole; exactly,He waited for a whole hour.,他整整等了一个小时。,I spent fully three days writing this report.,我整整花了三天写这份报告。,She studied for exactly six hours.,她整整学习了六个小时。,a whole,fully,exactly,5
方才,just now; only then,I saw him just now at the entrance.,我方才在门口看见他。,Only then did he realize his mistake.,他方才意识到自己的错误。,She just now called to ask about the meeting.,她方才打电话来问会议的事。,just now,Only then,just now,5
旁边,beside; next to,There is a chair beside the table.,桌子旁边有一把椅子。,She sat next to me during the meeting.,开会时，她坐在我旁边。,The shop next to the station is very popular.,车站旁边的那家店很受欢迎。,beside,next to,next to,5
无意中,unintentionally; by accident,I unintentionally heard their conversation.,我无意中听到了他们的对话。,He found the old photo by accident.,他无意中发现了那张旧照片。,She unintentionally said the wrong name.,她无意中说错了名字。,unintentionally,by accident,unintentionally,5
无论,no matter; regardless of,"No matter what happens, do not give up.",无论发生什么事，都不要放弃。,"Regardless of the result, we should try our best.",无论结果如何，我们都应该尽力。,"No matter how busy he is, he calls his parents every week.",无论多忙，他每个星期都会给父母打电话。,No matter,Regardless of,No matter,5
既,both; since; already,This method is both simple and useful.,这个方法既简单又有用。,"Since you already know the answer, explain it to everyone.",既然你已经知道答案，就给大家解释一下。,"He is already here, so let us begin.",他既已到了，我们就开始吧。,both,Since,already,5
既然,since; now that,"Since you are here, let us start the meeting.",既然你来了，我们就开始开会吧。,"Now that he has apologized, do not blame him anymore.",既然他已经道歉了，就别再怪他了。,"Since the weather is bad, we should stay home.",既然天气不好，我们就待在家里吧。,Since,Now that,Since,5
日前,recently; a few days ago,The company recently announced a new policy.,公司日前公布了一项新政策。,"A few days ago, he returned from Beijing.",他日前从北京回来了。,The school recently held an important meeting.,学校日前召开了一次重要会议。,recently,A few days ago,recently,5
早就,long ago; already long since,I already knew this long ago.,我早就知道这件事了。,He finished the work long ago.,他早就完成了工作。,She has long since stopped using that phone.,她早就不用那部手机了。,long ago,long ago,long since,5
早已,already long ago; long since,The problem was already solved long ago.,这个问题早已解决了。,He has long since left the company.,他早已离开公司。,This rule was already changed long ago.,这个规定早已改变了。,already,long since,already,5
早晚,sooner or later; morning and evening,"Sooner or later, he will understand.",他早晚会明白的。,I read Chinese every morning and evening.,我早晚都读中文。,This problem will sooner or later appear again.,这个问题早晚会再次出现。,Sooner or later,morning and evening,sooner or later,5
早该,should have long ago; should already have,You should have apologized long ago.,你早该道歉了。,This old system should already have been replaced.,这个旧系统早该被替换了。,He should have told us the truth long ago.,他早该告诉我们真相了。,should have,should already have,should have,5
时不时,from time to time; occasionally,He calls me from time to time.,他时不时给我打电话。,She occasionally looks back at the door.,她时不时回头看门口。,The computer freezes from time to time.,这台电脑时不时会卡住。,from time to time,occasionally,from time to time,5
时常,often; frequently,He often thinks about his hometown.,他时常想起自己的家乡。,She frequently practices speaking Chinese.,她时常练习说中文。,I often see him in the library.,我时常在图书馆看到他。,often,frequently,often,5
时时,always; constantly; at all times,We should always pay attention to safety.,我们应该时时注意安全。,He constantly reminds himself not to give up.,他时时提醒自己不要放弃。,Parents care about their children at all times.,父母时时关心孩子。,always,constantly,at all times,5
明显,obvious; clearly,His attitude clearly changed.,他的态度明显改变了。,There is an obvious difference between the two answers.,这两个答案有明显的区别。,She was clearly unhappy with the result.,她对结果明显不满意。,clearly,obvious,clearly,5
显然,obviously; clearly,"Obviously, he did not understand the question.",显然，他没有听懂这个问题。,"Clearly, this method is not suitable.",显然，这个方法不合适。,"Obviously, we need more time.",显然，我们需要更多时间。,Obviously,Clearly,Obviously,5
暂且,for the time being; temporarily,Let us use this solution for the time being.,我们暂且用这个办法。,"Temporarily, we can put this issue aside.",我们暂且把这个问题放一放。,"For now, let us assume this answer is correct.",我们暂且认为这个答案是对的。,for the time being,Temporarily,For now,5
暂时,temporarily; for now,I am temporarily living with my friend.,我暂时住在朋友家。,"For now, this plan will not change.",这个计划暂时不会改变。,The shop is temporarily closed.,这家店暂时关门了。,temporarily,For now,temporarily,5
更,more; even more,This sentence is more natural.,这个句子更自然。,He became even more nervous after hearing the news.,听到这个消息后，他更紧张了。,I like this method more.,我更喜欢这个方法。,more,even more,more,5
更为,even more; more,This explanation is even more formal.,这个解释更为正式。,The situation became more complicated.,情况变得更为复杂。,This method is more effective than the old one.,这个方法比旧方法更为有效。,even more,more,more,5
更加,even more; more,She became even more confident.,她变得更加自信。,This example is more useful for beginners.,这个例子对初学者更加有用。,We need to work even harder.,我们需要更加努力。,even more,more,even harder,5
曾经,once; used to; formerly,I once lived in Beijing.,我曾经住在北京。,He used to work at that company.,他曾经在那家公司工作。,This place was formerly very quiet.,这个地方曾经很安静。,once,used to,formerly,5
最,most; -est,This is the most important rule.,这是最重要的规则。,He is the tallest student in the class.,他是班里最高的学生。,I like this sentence the most.,我最喜欢这个句子。,most,tallest,the most,5
最后,finally; last; in the end,"Finally, he agreed with our plan.",最后，他同意了我们的计划。,Please read the last paragraph.,请读最后一段。,"In the end, we chose the cheaper option.",最后，我们选择了比较便宜的方案。,Finally,last,In the end,5
最多,at most; the most,This room can hold at most twenty people.,这个房间最多能坐二十个人。,He answered the most questions correctly.,他答对的问题最多。,The trip will take at most one hour.,路程最多需要一个小时。,at most,the most,at most,5
最好,had better; best,You had better leave early today.,你今天最好早点走。,This is the best solution.,这是最好的解决办法。,You had better check it again before submitting.,提交以前，你最好再检查一遍。,had better,best,had better,5
最少,at least; the least,You need at least three examples.,你最少需要三个例子。,He made the least mistakes in the class.,他在班里犯的错误最少。,This task will take at least two hours.,这个任务最少需要两个小时。,at least,the least,at least,5
最近,recently; lately; nearest,I have been very busy recently.,我最近很忙。,"Lately, he has been studying Chinese every day.",他最近每天都在学中文。,The nearest station is ten minutes away.,最近的车站离这里十分钟。,recently,Lately,nearest,5
有时,sometimes,Sometimes I study in the library.,我有时在图书馆学习。,He sometimes forgets to bring his notebook.,他有时忘记带笔记本。,Sometimes this method does not work.,这个方法有时不好用。,Sometimes,sometimes,Sometimes,5
有时候,sometimes,Sometimes she cooks at home.,她有时候在家做饭。,He sometimes speaks too quickly.,他有时候说得太快。,Sometimes I cannot understand this grammar point.,我有时候听不懂这个语法点。,Sometimes,sometimes,Sometimes,5
有点儿,a little; somewhat,This question is a little difficult.,这个问题有点儿难。,She felt somewhat nervous before the interview.,面试前，她有点儿紧张。,The soup is a little salty.,这个汤有点儿咸。,a little,somewhat,a little,5
未必,not necessarily; may not,This answer is not necessarily wrong.,这个答案未必是错的。,Expensive things may not be better.,贵的东西未必更好。,He may not agree with this decision.,他未必会同意这个决定。,not necessarily,may not,may not,5
未曾,have never; never did,I have never heard this story before.,我未曾听过这个故事。,He never did explain the reason.,他未曾解释原因。,She has never forgotten that day.,她未曾忘记那一天。,have never,never did,has never,5
未来,future; in the future,"In the future, I want to work overseas.",未来，我想去海外工作。,This decision will affect the future.,这个决定会影响未来。,Future technology may change education.,未来的科技可能会改变教育。,In the future,future,Future,5
本来,originally; at first; should have,I originally wanted to go with you.,我本来想跟你一起去。,"At first, this plan seemed simple.",这个计划本来很简单。,You should have told me earlier.,你本来应该早点告诉我。,originally,At first,should have,5
极为,extremely; exceedingly,This problem is extremely serious.,这个问题极为严重。,His explanation was extremely clear.,他的解释极为清楚。,This result is exceedingly rare.,这个结果极为少见。,extremely,extremely,exceedingly,5
极其,extremely; highly,This method is extremely effective.,这个方法极其有效。,He is highly careful when handling data.,他处理数据时极其小心。,The weather today is extremely unusual.,今天的天气极其反常。,extremely,highly,extremely,5
果然,sure enough; as expected,"Sure enough, he passed the exam.",果然，他通过了考试。,"As expected, it started raining in the afternoon.",果然，下午开始下雨了。,"I knew this answer was wrong, and sure enough, the teacher corrected it.",我知道这个答案不对，果然，老师改正了它。,Sure enough,As expected,sure enough,5
根据,according to; based on,"According to the report, sales increased this year.",根据报告，今年的销售额增加了。,We made this decision based on the data.,我们根据数据做出了这个决定。,"According to the rules, you must register first.",根据规定，你必须先登记。,According to,based on,According to,5
格外,especially; particularly,The sky looks especially clear today.,今天的天空格外晴朗。,She was particularly happy after receiving the news.,收到消息后，她格外高兴。,This room feels especially quiet at night.,这个房间晚上格外安静。,especially,particularly,especially,5
正,just; exactly; currently,He is just standing at the door.,他正站在门口。,This is exactly what I need.,这正是我需要的。,The meeting is currently in progress.,会议正进行中。,just,exactly,currently,5
正在,currently; in the middle of,I am currently writing a report.,我正在写报告。,He is in the middle of taking an exam.,他正在考试。,They are currently discussing this problem.,他们正在讨论这个问题。,currently,in the middle of,currently,5
正好,just right; exactly; happen to,This size is just right.,这个大小正好。,We arrived at exactly eight o’clock.,我们正好八点到。,I happened to meet him at the station.,我正好在车站遇见他。,just right,exactly,happened to,5
正巧,by coincidence; happen to; just then,"By coincidence, we took the same bus.",我们正巧坐了同一辆公交车。,I happened to see her at the library.,我正巧在图书馆看到她。,"Just then, the phone rang.",正巧这时，电话响了。,By coincidence,happened to,Just then,5
正要,be just about to,I was just about to call you.,我正要给你打电话。,He was just about to leave when it started raining.,他正要离开，天就开始下雨了。,She was just about to explain the reason.,她正要解释原因。,just about to,just about to,just about to,5
此前,before this; previously,"Before this, I had never heard of that place.",此前，我从来没有听过那个地方。,"Previously, this rule was stricter.",此前，这个规定更严格。,He had met her once before this.,此前，他见过她一次。,Before this,Previously,before this,5
此后,after this; since then; afterwards,"After this, he became more careful.",此后，他变得更加小心。,"Since then, they have not contacted each other.",此后，他们没有再联系。,"Afterwards, the company changed its policy.",此后，公司改变了政策。,After this,Since then,Afterwards,5
此外,besides; in addition; furthermore,"Besides, we need to check the cost.",此外，我们还需要检查费用。,"In addition, this method is easier to use.",此外，这个方法更容易使用。,"Furthermore, the result is more reliable.",此外，结果也更可靠。,Besides,In addition,Furthermore,5
比如,for example; such as,"Many cities are expensive, for example Tokyo.",很多城市都很贵，比如东京。,"You can use simple words, such as these.",你可以用简单的词，比如这些。,"I like quiet places, for example libraries.",我喜欢安静的地方，比如图书馆。,for example,such as,for example,5
比较,relatively; fairly; compare,This sentence is relatively natural.,这个句子比较自然。,He is fairly busy today.,他今天比较忙。,Please compare these two answers.,请比较这两个答案。,relatively,fairly,compare,5
毕竟,after all; ultimately,"After all, he is still a beginner.",毕竟他还是初学者。,This job is difficult after all.,这份工作毕竟不容易。,"Ultimately, health is more important than money.",毕竟，健康比钱更重要。,After all,after all,Ultimately,5
永久,permanent; permanently,This is a permanent solution.,这是一个永久的解决办法。,The file was permanently deleted.,文件被永久删除了。,He wants to live here permanently.,他想永久住在这里。,permanent,permanently,permanently,5
永远,forever; always,I will remember this day forever.,我会永远记得这一天。,He will always support his family.,他会永远支持家人。,This problem cannot last forever.,这个问题不会永远存在。,forever,always,forever,5
没有,do not have; have not; not as,I do not have enough time today.,我今天没有足够的时间。,He has not finished his homework.,他没有完成作业。,This method is not as useful as the old one.,这个方法没有旧方法有用。,do not have,has not,not as,5
渐渐,gradually; little by little,He gradually became more confident.,他渐渐变得更有信心。,The sky slowly got dark.,天渐渐黑了下来。,"Little by little, she got used to life here.",她渐渐习惯了这里的生活。,gradually,slowly,Little by little,5
然后,then; after that,"I finished my homework, then went to sleep.",我做完作业，然后去睡觉。,"First read the sentence, after that translate it.",先读句子，然后翻译。,He washed his hands and then started eating.,他洗了手，然后开始吃饭。,then,after that,then,5
然而,however; yet,"This method is simple; however, it is not accurate.",这个方法很简单，然而不准确。,"He worked hard, yet he still failed.",他很努力，然而还是失败了。,"The plan sounded good; however, it was difficult to carry out.",这个计划听起来不错，然而很难实行。,however,yet,however,5
照例,as usual; as a rule,He arrived early as usual.,他照例早早到了。,"As a rule, we check the data before the meeting.",照例，我们会在会议前检查数据。,She greeted everyone as usual.,她照例跟大家打招呼。,as usual,As a rule,as usual,5
照常,as usual; normally,The shop opened as usual today.,这家店今天照常营业。,"Even though it rained, the class continued normally.",虽然下雨，课程照常进行。,He went to work as usual.,他照常去上班。,as usual,normally,as usual,5
照旧,as before; as usual,Everything remained as before.,一切照旧。,He still followed the old schedule as usual.,他照旧按照原来的时间表做事。,The meeting will be held as before.,会议照旧举行。,as before,as usual,as before,5
照样,still; just the same; in the same way,"Even without his help, I can still finish it.",没有他的帮助，我照样能完成。,You can do it in the same way.,你可以照样做。,"Although she was tired, she worked just the same.",虽然很累，她照样工作。,still,in the same way,just the same,5
特别,especially; special; particularly,I especially like this sentence.,我特别喜欢这个句子。,Today is a special day.,今天是特别的一天。,This method is particularly useful for beginners.,这个方法对初学者特别有用。,especially,special,particularly,5
特地,specially; make a special effort,He came specially to see you.,他特地来看你。,I bought this cake specially for your birthday.,我特地给你买了这个蛋糕。,She made a special effort to explain the rule clearly.,她特地把规则解释清楚。,specially,specially,made a special effort,5
特意,specially; deliberately,I specially prepared this example for you.,我特意为你准备了这个例子。,He deliberately chose a quiet place.,他特意选了一个安静的地方。,She came early specially to help us.,她特意早点来帮我们。,specially,deliberately,specially,5
现在,now; at present,I am studying Chinese now.,我现在正在学中文。,"At present, this problem has not been solved.",现在，这个问题还没有解决。,He lives in Singapore now.,他现在住在新加坡。,now,At present,now,5
现场,on site; scene; live,The engineer checked the machine on site.,工程师在现场检查了机器。,Many people were at the scene.,现场有很多人。,I watched the performance live.,我在现场看了表演。,on site,scene,live,5
甚至,even,He even forgot his own birthday.,他甚至忘了自己的生日。,This question is so easy that even a beginner can answer it.,这个问题很简单，甚至初学者也能回答。,She was so busy that she did not even eat lunch.,她太忙了，甚至没有吃午饭。,even,even,even,5
由于,due to; because of,"Due to the rain, the match was cancelled.",由于下雨，比赛取消了。,"Because of traffic, he arrived late.",由于交通堵塞，他迟到了。,"Due to a lack of time, we changed the plan.",由于时间不够，我们改变了计划。,Due to,Because of,Due to,5
由此可见,from this it can be seen; this shows that,From this it can be seen that practice is important.,由此可见，练习很重要。,This shows that the method is effective.,由此可见，这个方法是有效的。,"From this, we can see that the problem is serious.",由此可见，这个问题很严重。,From this it can be seen,This shows that,"From this, we can see",5
略微,slightly; a little,The price is slightly higher than before.,价格略微比以前高。,He felt a little nervous before the interview.,面试前，他略微有点紧张。,Please adjust the volume slightly.,请略微调低音量。,slightly,a little,slightly,5
的确,indeed; really,This answer is indeed correct.,这个答案的确是对的。,He really helped me a lot.,他的确帮了我很多。,This grammar point is indeed difficult.,这个语法点的确很难。,indeed,really,indeed,5
目前,currently; at present,"Currently, we are still checking the data.",目前，我们还在检查数据。,"At present, there is no better solution.",目前，没有更好的解决办法。,He is currently working on a new project.,他目前在做一个新项目。,Currently,At present,currently,5
目前为止,so far; up to now,"So far, everything has gone smoothly.",目前为止，一切都很顺利。,"Up to now, no one has found the answer.",目前为止，还没有人找到答案。,"So far, this is the best method.",目前为止，这是最好的方法。,So far,Up to now,So far,5
直接,directly; straightforward,Please answer the question directly.,请直接回答问题。,He went directly to the office after lunch.,午饭后，他直接去了办公室。,Her explanation was very straightforward.,她的解释很直接。,directly,directly,straightforward,5
相互,each other; mutual; mutually,They helped each other during the project.,他们在项目中相互帮助。,Mutual trust is very important.,相互信任很重要。,These two ideas mutually influence each other.,这两个想法相互影响。,each other,Mutual,mutually,5
相反,on the contrary; opposite,"I thought he would refuse; on the contrary, he agreed immediately.",我以为他会拒绝，相反，他马上同意了。,His opinion is the opposite of mine.,他的看法和我的相反。,"This method does not save time; on the contrary, it wastes more time.",这个方法不省时间，相反，还浪费更多时间。,on the contrary,opposite,on the contrary,5
相对来说,relatively speaking,"Relatively speaking, this question is easier.",相对来说，这个问题比较容易。,"Relatively speaking, this method is more practical.",相对来说，这个方法更实用。,"Relatively speaking, winter here is not very cold.",相对来说，这里的冬天不太冷。,Relatively speaking,Relatively speaking,Relatively speaking,5
相当,quite; fairly; equivalent to,This sentence is quite natural.,这个句子相当自然。,The exam was fairly difficult.,这次考试相当难。,This amount is equivalent to one month’s salary.,这笔钱相当于一个月的工资。,quite,fairly,equivalent to,5
相比之下,by comparison; in contrast,"By comparison, this option is cheaper.",相比之下，这个选择更便宜。,"In contrast, the second answer sounds more natural.",相比之下，第二个答案听起来更自然。,"By comparison, his explanation is clearer.",相比之下，他的解释更清楚。,By comparison,In contrast,By comparison,5
短暂地,briefly; for a short time,He briefly closed his eyes.,他短暂地闭上了眼睛。,The screen went black for a short time.,屏幕短暂地黑了一下。,She paused briefly before answering.,她回答前短暂地停顿了一下。,briefly,for a short time,briefly,5
确实,indeed; really; truly,This method is indeed useful.,这个方法确实有用。,He really worked hard this year.,他今年确实很努力。,This problem is truly difficult to solve.,这个问题确实很难解决。,indeed,really,truly,5
稍微,slightly; a little,Please speak slightly slower.,请稍微说慢一点。,This room is a little bigger than that one.,这个房间比那个房间稍微大一点。,He felt slightly nervous before the interview.,面试前，他稍微有点紧张。,slightly,a little,slightly,5
稍稍,slightly; a little,She smiled slightly.,她稍稍笑了一下。,Please move the chair a little to the left.,请把椅子稍稍往左移。,The temperature dropped slightly at night.,晚上气温稍稍下降了。,slightly,a little,slightly,5
究竟,exactly; after all; actually,What exactly happened yesterday?,昨天究竟发生了什么？,Who is right after all?,究竟谁是对的？,I want to know what he actually meant.,我想知道他究竟是什么意思。,exactly,after all,actually,5
突然,suddenly,He suddenly stood up.,他突然站了起来。,The phone suddenly rang.,电话突然响了。,"Suddenly, everyone became quiet.",突然，大家都安静了下来。,suddenly,suddenly,Suddenly,5
立刻,immediately; at once,Please leave immediately.,请立刻离开。,He answered the question at once.,他立刻回答了问题。,"After hearing the news, she immediately called her mother.",听到消息后，她立刻给妈妈打电话。,immediately,at once,immediately,5
立即,immediately; at once,The company immediately stopped the project.,公司立即停止了这个项目。,Please report this problem at once.,请立即报告这个问题。,He immediately realized his mistake.,他立即意识到自己的错误。,immediately,at once,immediately,5
立马,immediately; right away,I will send it to you right away.,我立马发给你。,He immediately ran out of the room.,他立马跑出了房间。,Call me right away when you arrive.,你到了以后立马给我打电话。,right away,immediately,right away,5
竟然,unexpectedly; actually; to one’s surprise,He unexpectedly forgot his own password.,他竟然忘了自己的密码。,She actually finished the whole book in one day.,她竟然一天就看完了整本书。,"To my surprise, he did not recognize me.",他竟然没有认出我。,unexpectedly,actually,To my surprise,5
简直,simply; practically; utterly,This answer is simply impossible.,这个答案简直不可能。,The room was practically empty.,房间里简直没人。,His behavior was utterly unreasonable.,他的行为简直不讲理。,simply,practically,utterly,5
终于,finally; at last,I finally found the correct answer.,我终于找到了正确答案。,"At last, he understood the rule.",他终于明白了这个规则。,We finally arrived before the meeting started.,我们终于在会议开始前到了。,finally,At last,finally,5
经常,often; frequently,He often exercises after work.,他下班后经常运动。,She frequently reviews old lessons.,她经常复习以前的课。,I often see him in this café.,我经常在这家咖啡馆看到他。,often,frequently,often,5
经过,after; through; pass by,"After careful discussion, we made a decision.",经过仔细讨论，我们做出了决定。,The train went through a long tunnel.,火车经过了一条很长的隧道。,I pass by that shop every day.,我每天经过那家店。,After,through,pass by,5
绝对,absolutely; definitely,This answer is absolutely correct.,这个答案绝对正确。,He will definitely not agree.,他绝对不会同意。,You absolutely must not tell anyone.,你绝对不能告诉任何人。,absolutely,definitely,absolutely,5
继续,continue; keep,Please continue reading the next paragraph.,请继续读下一段。,He kept working even though he was tired.,他虽然很累，还是继续工作。,We will continue this discussion tomorrow.,我们明天继续讨论这个问题。,continue,kept,continue,5
综上所述,in summary; to sum up,"In summary, this method is useful but slow.",综上所述，这个方法有用，但是很慢。,"To sum up, we should choose the safer plan.",综上所述，我们应该选择更安全的计划。,"In summary, more practice is necessary.",综上所述，更多练习是必要的。,In summary,To sum up,In summary,5
老实说,honestly speaking; to be honest,"Honestly speaking, I do not like this plan.",老实说，我不喜欢这个计划。,"To be honest, this sentence sounds unnatural.",老实说，这个句子听起来不自然。,"Honestly, I think he made the right choice.",老实说，我觉得他做了正确的选择。,Honestly speaking,To be honest,Honestly,5
而且,moreover; also; and,This method is simple and useful.,这个方法简单，而且有用。,"He is responsible, and he works very fast.",他很负责，而且做事很快。,"Moreover, the price is not expensive.",而且，价格也不贵。,and,and,Moreover,5
而是,but rather; instead,"The problem is not money, but rather time.",问题不是钱，而是时间。,"He did not refuse you; instead, he was too busy.",他不是拒绝你，而是太忙了。,"This is not a grammar mistake, but rather a usage problem.",这不是语法错误，而是用法问题。,but rather,instead,but rather,5
肯定,definitely; certainly; affirmative,He will definitely come tomorrow.,他明天肯定会来。,She certainly knows the answer.,她肯定知道答案。,His answer was affirmative.,他的回答是肯定的。,definitely,certainly,affirmative,5
自然,naturally; of course; natural,"After practicing every day, he naturally improved.",每天练习以后，他自然进步了。,"Of course, this result is not surprising.",自然，这个结果并不奇怪。,This expression sounds very natural.,这个表达很自然。,naturally,Of course,natural,5
至于,as for; regarding,"As for this problem, we can discuss it later.",至于这个问题，我们可以以后再讨论。,"Regarding the cost, I need to check the details first.",至于费用，我需要先确认细节。,"As for him, I do not know what he thinks.",至于他，我不知道他怎么想。,As for,Regarding,As for,5
至今,until now; to this day,He has not replied until now.,他至今没有回复。,"To this day, I still remember that sentence.",至今，我还记得那句话。,This problem remains unsolved until now.,这个问题至今还没有解决。,until now,To this day,until now,5
至今为止,up to now; so far,"Up to now, no one has found the answer.",至今为止，还没有人找到答案。,"So far, the project has gone smoothly.",至今为止，项目进行得很顺利。,"Up to now, this is the best solution.",至今为止，这是最好的解决办法。,Up to now,So far,Up to now,5
至多,at most,This room can hold at most twenty people.,这个房间至多能坐二十个人。,The task will take at most one hour.,这个任务至多需要一个小时。,He can eat at most two bowls of rice.,他至多能吃两碗饭。,at most,at most,at most,5
至少,at least,You need at least three examples.,你至少需要三个例子。,At least he tried his best.,至少他已经尽力了。,This meeting will last at least two hours.,这个会议至少会持续两个小时。,at least,At least,at least,5
虽然,although; even though,"Although he was tired, he kept working.",虽然他很累，但还是继续工作。,"Even though this question is difficult, I want to try.",虽然这个问题很难，我还是想试试。,"Although the room is small, it is very clean.",虽然房间很小，但是很干净。,Although,Even though,Although,5
蛮,quite; rather,This restaurant is quite good.,这家餐厅蛮不错的。,He is rather funny when he speaks.,他说话蛮有意思的。,This grammar point is quite useful.,这个语法点蛮有用的。,quite,rather,quite,5
要不然,otherwise; or else,"Hurry up, otherwise we will be late.",快点，要不然我们会迟到。,"Save the file now, or else you may lose your work.",现在保存文件，要不然可能会丢失内容。,"Wear a jacket, otherwise you may catch a cold.",穿件外套，要不然你可能会感冒。,otherwise,or else,otherwise,5
说到底,in the final analysis; after all,"In the final analysis, this is a matter of trust.",说到底，这是信任的问题。,"After all, he only wants to help.",说到底，他只是想帮忙。,"In the final analysis, practice is the most important.",说到底，练习最重要。,In the final analysis,After all,In the final analysis,5
说实话,to tell the truth; honestly,"To tell the truth, I did not understand his explanation.",说实话，我没听懂他的解释。,"Honestly, this answer is not very natural.",说实话，这个答案不太自然。,"To tell the truth, I was a little nervous.",说实话，我有点儿紧张。,To tell the truth,Honestly,To tell the truth,5
赶快,quickly; hurry up and,Hurry up and finish your homework.,赶快把作业做完。,Quickly call him before he leaves.,在他离开以前，赶快给他打电话。,Please quickly check the result.,请赶快检查结果。,Hurry up and,Quickly,quickly,5
赶紧,quickly; hurry up and,Hurry up and get on the bus.,赶紧上车。,Quickly close the window; it is raining.,赶紧关窗，外面下雨了。,He quickly apologized after realizing his mistake.,他发现错误后赶紧道歉。,Hurry up and,Quickly,quickly,5
起码,at least; minimum,You should at least say sorry.,你起码应该道歉。,This task needs a minimum of two people.,这个任务起码需要两个人。,At least tell me the reason.,起码告诉我原因。,at least,minimum,At least,5
趁,while; take advantage of,"While it is still early, let us leave now.",趁现在还早，我们走吧。,Take advantage of the holiday to rest well.,趁假期好好休息。,"While the teacher is here, ask your question.",趁老师在这里，赶快问问题。,While,Take advantage of,While,5
趁机,take the opportunity to; seize the chance to,He took the opportunity to ask the teacher a question.,他趁机问了老师一个问题。,She seized the chance to explain her idea.,她趁机解释了自己的想法。,I took the opportunity to leave early.,我趁机早点离开了。,took the opportunity to,seized the chance to,took the opportunity to,5
趁着,while; taking advantage of,"While the weather is good, let us go out.",趁着天气好，我们出去吧。,"Taking advantage of the weekend, he cleaned his room.",趁着周末，他打扫了房间。,"While everyone is here, let us discuss the plan.",趁着大家都在，我们讨论一下计划吧。,While,Taking advantage of,While,5
越,the more; more and more,"The more he studies, the more confident he becomes.",他越学越有信心。,The weather is getting colder and colder.,天气越来越冷。,"The more I think about it, the stranger it feels.",我越想越觉得奇怪。,The more,more and more,The more,5
越发,increasingly; more and more,He became increasingly nervous before the exam.,考试前，他越发紧张。,This problem is becoming more and more serious.,这个问题越发严重。,Her explanation made me increasingly confused.,她的解释让我越发困惑。,increasingly,more and more,increasingly,5
足足,fully; as long as; no less than,He waited for fully three hours.,他足足等了三个小时。,The meeting lasted as long as five hours.,会议足足开了五个小时。,She read no less than ten books this month.,她这个月足足读了十本书。,fully,as long as,no less than,5
较,relatively; comparatively; more,This sentence is relatively natural.,这个句子较自然。,The second method is comparatively simple.,第二个方法较简单。,This room is more suitable for meetings.,这个房间较适合开会。,relatively,comparatively,more,5
过于,too; excessively,This explanation is too complicated.,这个解释过于复杂。,He was excessively worried about the result.,他过于担心结果。,The price is too high for students.,这个价格对学生来说过于高。,too,excessively,too,5
近些年,in recent years,"In recent years, this city has changed a lot.",近些年，这座城市变化很大。,"In recent years, online learning has become more common.",近些年，在线学习变得更普遍。,"In recent years, he has become more interested in history.",近些年，他对历史更感兴趣了。,In recent years,In recent years,In recent years,5
近年来,in recent years,"In recent years, technology has developed quickly.",近年来，科技发展得很快。,"In recent years, more people have started working from home.",近年来，越来越多人开始在家工作。,"In recent years, this problem has received more attention.",近年来，这个问题受到了更多关注。,In recent years,In recent years,In recent years,5
近日,recently; in the past few days,The company recently announced a new rule.,公司近日公布了一项新规定。,"In the past few days, the weather has been very hot.",近日，天气一直很热。,He recently returned from Beijing.,他近日从北京回来了。,recently,In the past few days,recently,5
近来,recently; lately,"Recently, I have been studying Chinese every night.",近来，我每天晚上都在学中文。,"Lately, he has seemed very tired.",近来，他看起来很累。,"Recently, this topic has become popular.",近来，这个话题变得很热门。,Recently,Lately,Recently,5
还,still; also; even,He is still waiting outside.,他还在外面等。,I also want to ask one question.,我还想问一个问题。,This problem is even harder than the previous one.,这个问题比前一个还难。,still,also,even,5
还在,still be; still in the middle of,He is still working in the office.,他还在办公室工作。,She is still in the middle of writing the report.,她还在写报告。,The children are still playing outside.,孩子们还在外面玩。,still,still in the middle of,still,5
还是,still; or; had better,He still chose to stay.,他还是选择留下来。,Do you want tea or coffee?,你要茶还是咖啡？,You had better check it again.,你还是再检查一遍吧。,still,or,had better,5
这里,here; this place,Please sit here.,请坐在这里。,This place is very quiet at night.,这里晚上很安静。,I have lived here for three years.,我在这里住了三年。,here,This place,here,5
进而,further; thereby; and then,He learned basic grammar and further improved his writing.,他学习了基础语法，进而提高了写作能力。,"The company lowered costs, thereby increasing profits.",公司降低了成本，进而提高了利润。,She understood the rule and then used it in her own sentence.,她理解了规则，进而把它用在自己的句子里。,further,thereby,and then,5
连忙,hurriedly; hastily; quickly,He hurriedly stood up and apologized.,他连忙站起来道歉。,She hastily closed the window when it started raining.,开始下雨时，她连忙关上窗户。,"After hearing the news, he quickly called his mother.",听到这个消息后，他连忙给妈妈打电话。,hurriedly,hastily,quickly,5
连续,continuously; consecutive; in a row,He worked continuously for eight hours.,他连续工作了八个小时。,It rained for three consecutive days.,雨连续下了三天。,She won five games in a row.,她连续赢了五场比赛。,continuously,consecutive,in a row,5
迟早,sooner or later,"Sooner or later, he will understand.",他迟早会明白的。,This problem will appear again sooner or later.,这个问题迟早会再次出现。,"Sooner or later, we need to make a decision.",我们迟早要做决定。,Sooner or later,sooner or later,Sooner or later,5
逐一,one by one; individually,The teacher checked the answers one by one.,老师逐一检查了答案。,Please introduce the problems individually.,请逐一介绍这些问题。,He replied to the emails one by one.,他逐一回复了邮件。,one by one,individually,one by one,5
逐渐,gradually,He gradually got used to the new environment.,他逐渐习惯了新的环境。,The temperature gradually dropped at night.,晚上气温逐渐下降。,She gradually became more confident.,她逐渐变得更有信心。,gradually,gradually,gradually,5
通常,usually; generally,I usually wake up at seven.,我通常七点起床。,"Generally, this method works well.",通常，这个方法很好用。,He usually takes the bus to work.,他通常坐公交车去上班。,usually,Generally,usually,5
通过,through; by means of; pass,He solved the problem through discussion.,他通过讨论解决了问题。,We learned about the news by means of the internet.,我们通过网络知道了这个消息。,She passed the exam last week.,她上周通过了考试。,through,by means of,passed,5
那里,there; that place,I waited for him there for ten minutes.,我在那里等了他十分钟。,That place is very quiet at night.,那里晚上很安静。,Please put the box there.,请把箱子放在那里。,there,That place,there,5
都,all; both; already,They all agreed with this decision.,他们都同意这个决定。,Both answers are correct.,两个答案都对。,It is already ten o’clock.,都十点了。,all,Both,already,5
里面,inside; within; among,The keys are inside the bag.,钥匙在包里面。,There are many examples within the article.,文章里面有很多例子。,"Among these students, he studies the hardest.",这些学生里面，他最努力。,inside,within,Among,5
重新,again; anew,Please read this sentence again.,请重新读这个句子。,We need to start anew.,我们需要重新开始。,He rewrote the report again.,他重新写了报告。,again,anew,again,5
长期,long-term; for a long time,This is a long-term problem.,这是一个长期的问题。,He has lived here for a long time.,他长期住在这里。,Long-term practice is very important.,长期练习很重要。,long-term,for a long time,Long-term,5
长期以来,for a long time; over the long term,"For a long time, this issue has not been solved.",长期以来，这个问题一直没有解决。,"Over the long term, education affects society deeply.",长期以来，教育深深影响着社会。,"For a long time, he has supported this plan.",长期以来，他一直支持这个计划。,For a long time,Over the long term,For a long time,5
间接,indirect; indirectly,This is an indirect cause of the problem.,这是这个问题的间接原因。,He indirectly helped us solve the issue.,他间接帮助我们解决了问题。,The policy had an indirect effect on students.,这项政策对学生产生了间接影响。,indirect,indirectly,indirect,5
附近,nearby; near,There is a supermarket nearby.,附近有一家超市。,He lives near the school.,他住在学校附近。,I found a quiet café nearby.,我在附近找到了一家安静的咖啡馆。,nearby,near,nearby,5
陆续,one after another; successively,The students entered the classroom one after another.,学生们陆续走进教室。,Guests arrived successively after six o’clock.,六点以后，客人们陆续到了。,New rules were announced one after another.,新规定陆续公布了。,one after another,successively,one after another,5
除了,except; besides; apart from,"Except for him, everyone arrived on time.",除了他以外，大家都准时到了。,"Besides Chinese, she also studies Japanese.",除了中文，她还学日文。,"Apart from this problem, the plan is good.",除了这个问题以外，计划还不错。,Except for,Besides,Apart from,5
除外,excluding; not included,Service fees are not included.,服务费除外。,"Everyone can enter, excluding children under six.",六岁以下儿童除外，其他人都可以进去。,The price includes everything except drinks.,价格包括所有东西，饮料除外。,not included,excluding,except,5
除非,unless; only if,"Unless it rains, we will go hiking.",除非下雨，我们才不去爬山。,You can enter only if you have a ticket.,除非你有票，否则不能进去。,"Unless he apologizes, I will not forgive him.",除非他道歉，否则我不会原谅他。,Unless,only if,Unless,5
险些,almost; nearly,He almost fell down the stairs.,他险些从楼梯上摔下来。,I nearly missed the train.,我险些错过火车。,The child almost broke the glass.,孩子险些打破杯子。,almost,nearly,almost,5
随便,casually; as one likes; any,Do not answer casually.,不要随便回答。,You can choose any seat you like.,你可以随便选一个座位。,He speaks too casually in formal meetings.,他在正式会议上说话太随便。,casually,any,casually,5
随后,afterwards; soon after,"Afterwards, he explained the reason.",随后，他解释了原因。,"Soon after, the teacher entered the classroom.",随后，老师走进了教室。,"The meeting ended, and afterwards everyone left.",会议结束后，大家随后离开了。,Afterwards,Soon after,afterwards,5
随处,everywhere; anywhere,Flowers can be seen everywhere in the park.,公园里随处可见花。,You can find cafés anywhere in this area.,这个地区随处都能找到咖啡馆。,There are warning signs everywhere.,随处都有警告标志。,everywhere,anywhere,everywhere,5
随意,freely; at will; casual,You may freely choose a topic.,你可以随意选择一个题目。,Do not change the settings at will.,不要随意更改设置。,His style is very casual.,他的风格很随意。,freely,at will,casual,5
随着,as; along with,"As technology develops, life becomes more convenient.",随着科技发展，生活变得更方便。,"Along with the increase in price, demand decreased.",随着价格上涨，需求减少了。,"As he grew older, he became more patient.",随着年龄增长，他变得更有耐心。,As,Along with,As,5
难怪,no wonder,No wonder he looks so tired.,难怪他看起来这么累。,No wonder this sentence sounds strange.,难怪这个句子听起来很奇怪。,No wonder she was late; the traffic was terrible.,难怪她迟到了，交通太差了。,No wonder,No wonder,No wonder,5
难道,could it be that; don’t tell me,Could it be that you forgot again?,难道你又忘了吗？,Don’t tell me he still has not arrived.,难道他还没到吗？,Could it be that this answer is wrong?,难道这个答案是错的吗？,Could it be that,Don’t tell me,Could it be that,5
需要,need; require,I need more time.,我需要更多时间。,This task requires patience.,这个任务需要耐心。,You need to check the answer again.,你需要再检查一遍答案。,need,requires,need,5
非常,very; extremely,This question is very important.,这个问题非常重要。,She was extremely happy after hearing the news.,听到这个消息后，她非常高兴。,This method is very useful.,这个方法非常有用。,very,extremely,very,5
顺便,conveniently; while one is at it; by the way,Please conveniently buy some milk on your way home.,回家的时候，请顺便买些牛奶。,"While you are at it, help me print this file.",你顺便帮我打印这个文件。,"By the way, I want to ask one more question.",顺便问一下，我还想问一个问题。,conveniently,While you are at it,By the way,5
顿时,immediately; suddenly; at once,"After hearing the news, he immediately became quiet.",听到这个消息后，他顿时安静下来。,The room suddenly became very tense.,房间里的气氛顿时紧张起来。,Everyone laughed at once.,大家顿时笑了起来。,immediately,suddenly,at once,5
颇,quite; rather,This explanation is quite useful.,这个解释颇有用。,He is rather interested in history.,他对历史颇感兴趣。,This result was quite surprising.,这个结果颇令人意外。,quite,rather,quite,5
首先,first; first of all,"First, we need to check the data.",首先，我们需要检查数据。,"First of all, please read the question carefully.",首先，请仔细读题。,"First, let me explain the rule.",首先，让我解释这个规则。,First,First of all,First,5
马上,immediately; right away,I will come immediately.,我马上来。,Please reply right away.,请马上回复。,He immediately understood the problem.,他马上明白了问题。,immediately,right away,immediately,5