English Words,Chinese Sentence,Chinese Words,pinyin,Color
Hobby,,爱好,àihào,5
Bun,,包子,bāozi,5
take a taxi,,打车,dǎchē,5
Please send me the [location/venue] of the meeting.,请把会议的[地点]发给我。,地点,dìdiǎn,5
这真是个学习的好[地方]。,这真是个学习的好[地方],地方,dìfang,5
The [local] government is building a new road.,[地方]政府正在修建一条新路。,地方,dìfang,5
There is no [room/space] on the bookshelf for more books.,书架上没有放书的[地方]了。,地方,dìfang,5
He has many [aspects/points] that are worth my learning.,他有很多值得我学习的[地方]。,地方,dìfang,5
Cinema,,电影院,diànyǐngyuàn,5
Map,,地图,dìtú,5
Chinese Characters,,汉字,hànzì,5
You are really [competent/good] at this!,你在这方面真的很[行]！,行,xíng,5
"A: Let's go to the park tomorrow, [okay]? B: [Alright]!",A: 我们明天去公园，[行]吗？ B: [行]！,行,xíng,5
Please write your name in the third [row/line].,请在第三[行]写下你的名字。,行,háng,5
He is the second oldest in his family [ranking].,他在家里大[行]排第二。,行,háng,5
plane ticket,,机票,jīpiào,5
family,,家人,jiārén,5
Let’s [meet] next week.,我们下周[见面]吧,见面,jiànmiàn,5
I don’t know how [to drive],我不会[开车]。,开车,kāichē,5
"On the [drive] back, let's stop by a convenience stall.",[开车]回来的路上，我们去一下便利店吧。,开车,kāichē,5
Let's [drive] to town.,我们[开车]进城吧。,,,
He is currently [driving] on the road.,他[正在开车]。,开车,kāichē,5
main body of text within a lesson in a textbook or educational material,,课文,kèwén,5
intersection,,路口,lùkǒu,5
ticket,,门票,ménpiào,5
ask for leave,,请假,qǐngjià,5
in process of,,正在,zhèngzài,5
important,,重要,zhòngyào,5
noun: shopping mall / department store,,商场,shāngchǎng,5
noun: shop / store,,商店,shāngdiàn,5
"verb: to introduce

noun: introduction",,介绍,jièshào,5
verb: to go online / surf the internet,,上网,shàngwǎng,5
noun: weather but can also refer to the temperature of the environment,,天气,tiānqì,5
noun: foreign language,,外语,wàiyǔ,5
noun: foreign country,,外国,wàiguó,5
noun: online friend,,网友,wǎngyǒu,5
"noun: college / institute
Specifcally: a single-subject institution (Arts, Music, Law), a branch inside a university, or Junior College (Singapore specific).",,学院,xuéyuàn,5
"noun: page (in a book, document, website)",,页,yè,5
"Worker, usually blue-collar workers or manual labourers",,工人,gōngrén,5
Airport,,机场,jīchǎng,5
Noun: specific term used to describe a building in a school or university dedicated entirely to teaching and learning.,,教学楼,jiàoxuélóu,5
which,,哪些,nǎxiē,5
go to work,,上班,shàngbān,5
"Noun: husband or wife / spouse
In mainland China and formal contexts, it is the standard way to refer to one’s legal spouse.",,爱人,àirén,5
Noun: romantic love / romance,,爱情,àiqíng,5
in the middle of the night,,半夜,bànyè,5
sign up,,报名,bàomíng,5
Times,,遍,biàn,5
become; change into,,变成,biànchéng,5
"To Express
Usage: Use this when you are ""showing"" or ""indicating"" something, often through a gesture, an official statement, or a specific action. It can also mean ""to represent.""",,表示,biǎoshì,5
Notebook,,笔记本,bǐjìběn,5
such as,,比如,bǐrú,5
Must,,必须,bǐxú,5
not only,,不但,búdàn,5
dissatisfied,,不满,bùmǎn,5
not too; not very much,,不太,bútài,5
different,,不同,bùtóng,5
not necessarily; uncertain,,不一定,bùyīdìng,5
Part,,部分,bùfen,5
"adverb: however; but
verb: to pass; to get through",,不过,búguò,5
verb: not as good as; inferior to,,不如,bùrú,5
menu,,菜单,càidān,5
visit,,参观,cānguān,5
lawn,,草地,cǎodì,5
commonly seen,,常见,chángjiàn,5
commonly used,,常用,chángyòng,5
Exceed,,超过,chāoguò,5
Supermarket,,超市,chāoshì,5
results,,成绩,chéngjì,5
repeat,,重复,chóngfù,5
repeat again from the start,,重新,chóngxīn,5
"noun: exit; export
verb: to export",,出口,chūkǒu,5
discharged; leave hospital,,出院,chūyuàn,5
rent,,出租,chūzū,5
born,,出生,chūshēng,5
taxi,,出租车,chūzūchē,5
most,,大部分,dàbùfèn,5
most people; great majority of people,,大多数,dàduōshù,5
"adjective: large amount of; massive
noun: large quantity",,大量,dàliàng,5
size,,大小,dàxiǎo,5
overcoat,,大衣,dàyī,5
nature,,大自然,dàzìrán,5
to work a part-time or casual job,,打工,dǎgōng,5
at that time,,当时,dāngshí,5
"Can still refer to a person's workplace, especially in more formal or official contexts, or when the organization has some level of state affiliation.
Can also be used more generally to mean a ""unit"" within an organization or system.",,单位,dānwèi,5
"Scope: It tends to refer to main roads, highways, or a system of roads. It can also be used metaphorically to mean a path or way (e.g., a path to success).
Formality: It's more common in formal writing, official announcements, news reports, and technical contexts.",,道路,dào,5
everywhere,,到处,dàochù,5
reason / principle / logic,,道理,dàolǐ,5
Plan,,打算,dǎsuàn,5
Print,,打印,dǎyìn,5
promise,,答应,dāying,5
to come to (a conclusion,,得出,déchū,5
Be equal to,,等于,děngyú,5
pronunciation,,读音,dúyīn,5
paragraph,,段,duàn,5
text message,,短信,duǎnxìn,5
team,,队,duì,5
team leader; captain,,队长,duìzhǎng,5
dialogue,,对话,duìhuà,5
Opposite side,,对面,duìmiàn,5
most; majority,,多数,duōshù,5
restaurant,,饭馆,fànguǎn,5
convenient,,方便,fāngbiàn,5
Aspect,,方面,fāngmiàn,5
direction,,方向,fāngxiàng,5
Don't worry,,放心,fàngxīn,5
score; mark; fraction,,分数,fēnshù,5
service,,服务,fúwù,5
change,,改变,gǎibiàn,5
Thank,,感谢,gǎnxiè,5
advanced / high-level,,高级,gāojí,5
Height,,个子,gèzi,5
public transport vehicle,,公交车,gōngjiāochē,5
generally refers to a major road connecting cities and towns. (Not the same as expressway),,公路,gōnglù,5
public vehicle (formal version),,公共汽车,gōnggòngqìchē,5
kilogram,,公斤,gōngjīn,5
kilometre,,公里,gōnglǐ,5
fair,,公平,gōngpíng,5
company,,公司,gōngsī,5
"to turn off (a machine/device),"" ""to shut down,"" or ""to power off.""",,关机,guānjī,5
"viewpoint / point of view (more formal version, often used in writing, debates, essays, or academic discussions.)",,观点,guāndiǎn,5
square (not the shape),,广场,guǎngchǎng,5
Advertisement,,广告,guǎnggào,5
customer,,顾客,gùkè,5
"noun: the past
verb: to go over / to pass by",,过去,guòqù,5
international,,国际,guójì,5
deliberately,,故意,gùyì,5
good deed; good thing,,好事,hǎoshì,5
benefit,,好处,hǎochu,5
appropriate,,合适,héshì,5
lake,,湖,hú,5
painter,,画家,huàjiā,5
disadvantage; harm,,坏处,huàichù,5
suddenly,,忽然,hūrán,5
passport,,护照,hùzhào,5
urgent;,,急,jí,5
parent,,家长,jiāzhǎng,5
Animal horn,,角,jiǎo,5
make friends,,交朋友,jiāopéngyǒu,5
teacher,,教师,jiàoshī,5
education,,教育,jiàoyù,5
"be called; be known as (used in more informal situations, names, and common terms.)",,叫作,jiàozuò,5
"angle, perspective, point of view",,角度,jiǎodù,5
class room (China version),,教室,jiàoshì,5
"Transportation, traffic. It encompasses the movement of people and goods from one place to another, as well as the systems and infrastructure that support this movement.",,交通,jiāotōng,5
"teaching as a profession, a process, or a system",,教学,jiàoxué,5
"act of connecting, meeting, or taking",,接,jiē,5
street,,街,jiē,5
successful completion of receiving something that was sent or communicated,,接到,jiēdào,5
"""next"" in a sequence of events, actions, or topics",,接下来,jiēxiàlái,5
Result,,结果,jiéguǒ,5
program,,节目,jiémù,5
festival,,节日,jiérì,5
"to accept (an idea, suggestion, gift, etc.)",,接受,jiēshòu,5
Next/then based on the sentence context,,接着,jiēzhe,5
plan,,计划,jìhuà,5
near,,近,jìn,5
a unit of weight (=1/2 kilogram),,斤,jīn,5
from now on; in the future,,今后,jīnhòu,5
to pass by / to go through,,经过,jīngguò,5
manager,,经理,jīnglǐ,5
to carry out / to proceed,,进行,jìnxíng,5
to raise / to lift,,举,jǔ,5
to hold (an event),,举行,jǔxíng,5
sentence,,句子,jùzi,5
to turn on (a machine/device),,开机,kāijī,5
point of view (less formal version),,看法,kànfǎ,5
to lean on / to rely on / to be near (very close enough),,靠,kào,5
examinee,,考生,kǎoshēng,5
gram,,克,kè,5
Carve,,刻,kè,5
dreadful,,可怕,kěpà,5
atmosphere,,空气,kōngqì,5
fast food,,快餐,kuàicān,5
Come from,,来自,láizì,5
old age / elderly years,,老年,lǎonián,5
always (used negatively or to express annoyance),,老是,lǎoshì,5
inside (informal version),,里头,lǐtou,5
example,,例子,lìzi,5
cool and pleasant (weather),,凉快,liángkuai,5
below zero,,零下,língxià,5
for example,,例如,lìrú,5
flow / shed,,流,liú,5
international student,,留学生,liúxuéshēng,5
fluent,,流利,liúlì,5
popular / fashionable,,流行,liúxíng,5
ideal / dream,,理想,lǐxiǎng,5
Travel,,旅游,lǚyóu,5
Satisfied,,满意,mǎnyì,5
in front of,,面前,miànqián,5
"name (formal, of a thing/place)",,名称,míngchēng,5
name list,,名单,míngdān,5
celebrity / star,,明星,míngxīng,5
objective,,目的,mùdì,5
sad / upset,,难过,nánguò,5
to feel unwell / uncomfortable,,难受,nánshòu,5
grade,,年级,niánjí,5
volleyball,,排球,páiqiú,5
to run into / bump into (someone),,碰见,pèngjiàn,5
flat / level / equal,,平,píng,5
bottle,,瓶,píng,5
sound and safe,,平安,píng'ān,5
equality / equal,,平等,píngděng,5
usually / normally,,平时,píngshí,5
to ride a bike,,骑车,qíchē,5
air temperature,,气温,qìwēn,5
to take off (airplane),,起飞,qǐfēi,5
"to treat someone (to food, etc.)",,请客,qǐngkè,5
youth / young adults,,青年,qīngnián,5
sunny day,,晴天,qíngtiān,5
"""asking nicely"" or ""pleading,""",,请求,qǐngqiú,5
Teenagers,,青少年,qīngshàonián,5
sports field / court,,球场,qiúchǎng,5
sports team,,球队,qiúduì,5
fall; autumn,,秋天,qiūtiān,5
gym shoes,,球鞋,qiúxié,5
among them / including,,其中,qízhōng,5
acquire; gain; obtain,,取得,qǔdé,5
all / entire (group of people),,全体,quántǐ,5
number of people,,人数,rénshù,5
Enthusiasm,,热情,rèqíng,5
daily newspaper,,日报,rìbào,5
businessman,,商人,shāngrén,5
discuss,,商量,shāngliang,5
small number,,少数,shǎoshù,5
new word,,生词,shēngcí,5
Life,,生活,shēnghuó,5
voice,,声音,shēngyīn,5
mayor,,市长,shìzhǎng,5
reality / actual,,实际,shíjì,5
Internship,,实习,shíxí,5
– to achieve / to realize,,实现,shíxiàn,5
Use,,使用,shǐyòng,5
"1.Real, True, Actual
2. Honest, Sincere 
3. Really, Indeed, Truly, Actually
4. Substantial, Considerable, Significant
5.  Down-to-earth, Practical",,实在,shízài,5
"to receive (abstract things like praise, support)",,受到,shòudào,5
income,,收入,shōurù,5
ripe/familiar,,熟,shú,5
level (of ability),,水平,shuǐpíng,5
smoothly,,顺利,shùnlì,5
to explain / instructions,,说明,shuōmíng,5
number,,数字,shùzì,5
Driver,,司机,sījī,5
at any time,,随时,suíshí,5
attitude,,态度,tàidu,5
discuss,,讨论,tǎolùn,5
characteristic / feature,,特点,tèdiǎn,5
hurt (milder version),,疼,téng,5
put forward; propose; raise,,提出,tíchū,5
to mention,,提到,tídào,5
stadium,,体育场,tǐyùchǎng,5
gymnasium,,体育馆,tǐyùguǎn,5
condition / requirement,,条件,tiáojiàn,5
to improve / raise,,提高,tígāo,5
very good,,挺好,tǐnghǎo,5
attend a lecture,,听讲,tīngjiǎng,5
Sports,,体育,tǐyù,5
similarly (used as an adverb),,同样,tóngyàng,5
to pass / through,,通过,tōngguò,5
– at the same time / meanwhile,,同时,tóngshí,5
Colleague,,同事,tóngshì,5
to notify / notice,,通知,tōngzhī,5
out of town / other places,,外地,wàidì,5
Takeout,,外卖,wàimài,5
evening paper,,晚报,wǎnbào,5
evening party / gala,,晚会,wǎnhuì,5
Tennis,,网球,wǎngqiú,5
temperature (in general),,温度,wēndù,5
nap / afternoon nap,,午睡,wǔshuì,5
western food,,西餐,xīcān,5
western medicine,,西医,xīyī,5
summer,,夏天,xiàtiān,5
idea; opinion;thought,,想法,xiǎngfǎ,5
camera,,相机,xiàngjī,5
" Describes two or more things as being exactly the same, with no difference.",,相同,xiāngtóng,5
campus,,校园,xiàoyuán,5
small group,,小组,xiǎozǔ,5
joke (noun),,笑话,xiàohua,5
Principal,,校长,xiàozhǎng,5
Habit,,习惯,xíguàn,5
action,,行动,xíngdòng,5
pedestrian,,行人,xíngrén,5
behavior,,行为,xíngwéi,5
signal,,信号,xìnhào,5
mood,,心情,xīnqíng,5
news,,新闻,xīnwén,5
information,,信息,xìnxī,5
confidence,,信心,xìnxīn,5
Credit card,,信用卡,xìnyòngkǎ,5
have a holiday; take a vacation; be on furlough,,休假,xiūjià,5
Semester,,学期,xuéqī,5
appearance / manner / pattern / model,,样子,yàngzi,5
pharmacy,,药店,yàodiàn,5
pill,,药片,yàopiàn,5
liquid medicine,,药水,yàoshuǐ,5
"asking firmly,"" ""insisting,"" or ""demanding.""",,要求,yāoqiú,5
perhaps,,也许,yěxǔ,5
safe journey; have a pleasant journey,,一路平安,yílùpíngān,5
Bon voyag,,一路顺风,yílùshùnfēng,5
above; over,,以上,yǐshàng,5
lifetime,,一生,yìshēng,5
except for / outside of,,以外,yǐwài,5
below,,以下,yǐxià,5
"adjective: Ordinary / Average
adverb: Usually / Generally
comparative: The same as / As … as …",,一般,yìbān,5
in total / altogether,,一共,yígòng,5
Opinion,,意见,yìjiàn,5
bank card,,银行卡,yínhángkǎ,5
syllable,,音节,yīnjié,5
cloudy day,,阴天,yīntiān,5
concert,,音乐会,yīnyuèhuì,5
film; movie,,影片,yǐngpiàn,5
Influence,,影响,yǐngxiǎng,5
tourist,,游客,yóukè,5
friendly,,友好,yǒuhǎo,5
dean,,院长,yuànzhǎng,5
courtyard; yard,,院子,yuànzi,5
Reason,,原因,yuányīn,5
month (very formal version),,月份,yuèfèn,5
anguage,,语言,yǔyán,5
we / us (including the speaker and listener),,咱们,zánmen,5
morning,,早晨,zǎochén,5
occupy,,占,zhàn,5
exactly / precisely,,正是,zhèngshì,5
normal,,正常,zhèngcháng,5
Just right,,正好,zhènghǎo,5
Correct,,正确,zhèngquè,5
real / true,,真正,zhēnzhèng,5
"adjective: direct
adverb: directly",,直接,zhíjiē,5
Chinese Medicine,,中医,zhōngyī,5
key point / emphasis,,重点,zhòngdiǎn,5
attach importance to,,重视,zhòngshì,5
anniversary,,周年,zhōunián,5
housing,,住房,zhùfáng,5
be in hospital; be hospitalized,,住院,zhùyuàn,5
"1.  To put in, to load, to pack 
2.  To install, to fit, to assemble 
3, . To pretend, to feign, to act ",,装,zhuāng,5
accurate / precise,,准确,zhǔnquè,5
host / owner,,主人,zhǔrén,5
freedom / free,,自由,zìyóu,5
group leader,,组长,zǔzhǎng,5
to form / to make up,,组成,zǔchéng,5
way of doing / method,,做法,zuòfǎ,5
"someone you consider a professional or accomplished writer, especially in literature.",,作家,zuòjiā,5
Effect,,作用,zuòyòng,5
noun: layer / floor (of a building),,层,céng,5
noun: vehicle,,车辆,chēliàng,5
noun: instant noodles,,方便面,fāngbiànmiàn,5
verb: to enter,,进入,jìnrù,5
verb: to take a photo,,照相,zhàoxiàng,5
noun: knowledge,,知识,zhīshi,5
adjective: intermediate level,,中级,zhōngjí,5
noun: population,,人口,rénkǒu,5
verb: to hand over / to give to,,交给,jiāogěi,5
"adjective: concrete / specific

noun: details",,具体,jùtǐ,5
adverb/adjective: on time / punctual,,准时,zhǔnshí,5
adjective: accurate / precise,,准确,zhǔnquè,5
adverb: almost / nearly,,几乎,jīhū,5
noun: office,,办公室,bàngōngshì,5
noun: kilogram,,千克,qiānkè,5
"noun: unit (of measurement, organization, work unit)",,单位,dānwèi,5
verb: to oppose / to be against,,反对,fǎnduì,5
pronoun: we / us (including speaker and listener),,咱们,zánmen,5
noun: businessperson / merchant,,商人,shāngrén,5
noun/adjective: other places / out of town,,外地,wàidì,5
noun: full name (surname + given name),,姓名,xìngmíng,5
"noun: group / team (for projects, competitions, etc.)",,小组,xiǎozǔ,5
noun: grade / school year,,年级,niánjí,5
verb: to print,,打印,dǎyìn,5
verb: to accept / to receive,,接受,jiēshòu,5
"noun: education

verb: to educate",,教育,jiàoyù,5
noun: lyrics,,歌词,gēcí,5
noun: post office,,邮局,yóujú,5
adverb: again / afresh,,重新,chóngxīn,5
"noun: action / operation
verb: to take action",,行动,xíngdòng,5
carry on the back,,背,bēi,5
compassion / caring heart,,爱心,àixīn,5
press; push; check; restrain,,按,àn,5
according to,,按照,ànzhào,5
to install,,安装,ānzhuāng,5
Chinese cabbage,,白菜,báicài,5
board / plank,,板,bǎn,5
class (group of students),,班级,bānjí,5
to handle / to process,,办理,bànlǐ,5
security guard,,保安,bǎoān,5
to maintain / to keep ( maintaining a state or condition.),,保持,bǎochí,5
to preserve / to save ( keeping something safe for future use),,保存,bǎocún,5
to check in / to report (for duty),,报到,bàodào,5
"Verb: to cover or report news
Noun: a news report / story
used in journalism, media, or public information.",,报道,bàodào,5
"Verb: to report (to a superior)
Noun: a report, presentation
formal, official, often used in work, study, or military contexts.",,报告,bàogào,5
to retain / to keep,,保留,bǎoliú,5
insurance,,保险,bǎoxiǎn,5
to guarantee / guarantee,,保证,bǎozhèng,5
to grasp / to seize / certainty,,把握,bǎwò,5
quilt / blanket,,被子,bèizi,5
originally / at first,,本来,běnlái,5
skill / ability ( Tends to emphasize a specific learned skill or acquired ability ),,本领,běnlǐng,5
"skill / ability ( can be more general and sometimes implies broader capability or resourcefulness,)",,本事,běnshi,5
to turn into / become,,变为,biànwéi,5
change (noun),,变化,biànhuà,5
"express, convey, or voice something,",,表达,biǎodá,5
form / table (in documents),,表格,biǎogé,5
surface / appearance,,表面,biǎomiàn,5
to indicate / to show,,表明,biǎomíng,5
title / headline,,标题,biāotí,5
"to behave (verb)
performance (noun)",,表现,biǎoxiàn,5
standard / criteria,,标准,biāozhǔn,5
relatively / to compare (adverb and verb),,比较,bǐjiào,5
proportion / ratio,,比例,bǐlì,5
"And, moreover, furthermore. emphasizes the second point.",,并且,bìngqiě,5
inevitable / bound to,,必然,bìrán,5
necessary,,必要,bìyào,5
"to broadcast (a show, etc.)",,播出,bōchū,5
to play (audio/video),,播放,bōfàng,5
"noun: cloth / fabric
verb: to announce / to spread (literary)",,布,bù,5
"verb: to mend / to patch
verb: to make up (for something lost or lacking)",,补,bǔ,5
no need to / not necessary,,不必,búbì,5
not only (slightly more colloquial),,不光,bùguāng,5
no matter / regardless of,,不论,búlùn,5
noun: minister / department head,,部长,bùzhǎng,5
"adjective: uneasy / anxious
noun: uneasiness / anxiety",,不安,bù'ān,5
"verb: to supplement / to add
noun: supplement",,补充,bǔchōng,5
have no choice but to,,不得不,bùdébù,5
continuously / constantly,,不断,búduàn,5
not only (slightly more formal),,不仅,bùjǐn,5
noun: department (in an organization),,部门,bùmén,5
"noun: talent / ability
conjunction: only then can...",,才能,cáinéng,5
"noun: color
adjective: colored / multicolored",,彩色,cǎisè,5
"adopting ideas, suggestions, designs, technologies, or materials.",,采用,cǎiyòng,5
"adopting actions, methods, policies, or attitudes.",,采取,cǎiqǔ,5
adverb: once / previously,,曾经,céngjīng,5
"noun: is a more general term for factory and is often used as a component in other words to describe various types of establishments or fields. When used alone, it can also mean a factory but might be less specific.",,厂,chǎng,5
noun: strength / strong point,,长处,chángchù,5
"adjective: long-term
noun: long period",,长期,chángqī,5
occasion / situation,,场合,chǎnghé,5
place / venue (typically formal or public),,场所,chǎngsuǒ,5
"verb: to produce / to generate (usually abstract things like ideas, feelings)",,产生,chǎnshēng,5
"preposition: toward / facing
noun: dynasty",,朝,cháo,5
"adjective: super / ultra-
adverb: extremely / incredibly",,超级,chāojí,5
undershirt / shirt (interchangeable with 衬衫 in many regions),,衬衣,chènyī,5
"to be called / known as (used in more formal situations, titles, official names, and when emphasizing a specific designation.)",,称为,chēngwéi,5
"noun: level / degree (of ability, severity, etc.) Used to talk about the level or extent of something.",,程度,chéngdù,5
achievement / result (of effort or work),,成果,chéngguǒ,5
accomplishment / achievement (often personal or major),,成就,chéngjiù,5
verb: to establish / to found,,成立,chénglì,5
noun: city,,城市,chéngshì,5
"adjective: mature (personality, fruit, etc.)
verb: to mature / ripen",,成熟,chéngshú,5
noun: member (of a group/team),,成员,chéngyuán,5
"verb: to grow up
noun: growth / development",,成长,chéngzhǎng,5
"shirt (usually buttoned, collared)",,衬衫,chènshān,5
to continue / to last. Used to emphasize the ongoing nature of something without interruption.,,持续,chíxù,5
verb: to be full of / to be filled with (abstract or emotional),,充满,chōngmǎn,5
noun: junior high school,,初中,chūzhōng,5
"verb: to pass on (news, object)
verb: to transmit (information, knowledge, disease)",,传,chuán,5
"verb: (of sound, smell, etc.) to come through / to be heard from afar",,传来,chuánlái,5
"to spread / to disseminate (information, culture, virus)",,传播,chuánbō,5
"verb: to innovate
noun: innovation",,创新,chuàngxīn,5
verb: to start a business,,创业,chuàngyè,5
"verb: to create / to produce (ideas, conditions, miracles)",,创造,chuàngzào,5
"verb: to compose / to create (artwork, literature, music)
noun: a creative work",,创作,chuàngzuò,5
"noun: legend / folklore
verb: it is said",,传说,chuánshuō,5
adjective: preliminary / initial,,初步,chūbù,5
adjective: beginner level / elementary,,初级,chūjí,5
verb: to handle / to deal with / to process,,处理,chǔlǐ,5
adverb: always (in the past) / never (when used with negative),,从来,cónglái,5
noun/adverb: once upon a time / in the past,,从前,cóngqián,5
verb: to be engaged in (a profession or activity),,从事,cóngshì,5
"verb: to exist
noun: existence",,存在,cúnzài,5
"noun: mistake / error
adjective: incorrect / mistaken",,错误,cuòwù,5
"verb: to break (physically or abstractly, like a record or silence)",,打破,dǎpò,5
"verb: to reach (a level, goal, result)",,达到,dádào,5
noun: delegation,,代表团,dàibiǎotuán,5
verb: to lead / to bring along / to drive (development),,带动,dàidòng,5
"noun: representative
verb: to represent",,代表,dàibiǎo,5
noun: (colloquial) doctor,,大夫,dàifu,5
verb: to lead (people),,带领,dàilǐng,5
preposition: in the middle of / among,,当中,dāngzhōng,5
noun/adverb: at that time / originally,,当初,dāngchū,5
"noun: local area
adjective: local",,当地,dāngdì,5
"noun: unit (of study, apartment, etc.)",,单元,dānyuán,5
verb: to arrive / to reach,,到达,dàodá,5
"adverb: after all / exactly / in the end
used for emphasis in questions",,到底,dàodǐ,5
"noun: director (of a film, TV show, etc.)
verb: to direct",,导演,dǎoyǎn,5
noun: embassy,,大使馆,dàshǐguǎn,5
"verb: to inquire / to ask about (news, situation, people)",,打听,dǎting,5
adverb: approximately / about,,大约,dàyuē,5
"verb: to score
noun: score / points",,得分,défēn,5
verb: to wait (formal or literary),,等待,děngdài,5
noun: TV drama / TV series,,电视剧,diànshìjù,5
noun: television station,,电视台,diànshìtái,5
noun: radio station,,电台,diàntái,5
"verb (diào): to transfer / to shift
verb (tiáo): to adjust / to blend (e.g. flavor)",,调,diào/tiáo,5
"verb: to investigate
noun: investigation / survey",,调查,diàochá,5
verb: to book / to order / to subscribe,,订,dìng,5
"adverb: regularly
adjective: fixed-date / scheduled",,定期,dìngqī,5
noun: region / area,,地区,dìqū,5
adjective: touching / moving (emotionally),,动人,dòngrén,5
noun: motivation / driving force / power,,动力,dònglì,5
"noun: reader (of books, articles, etc.)",,读者,dúzhě,5
"verb: to break / to cut off / to stop
verb (figurative): to be broken (emotionally or logically)",,断,duàn,5
noun: shortcoming / weakness,,短处,duǎnchù,5
noun: shorts,,短裤,duǎnkù,5
noun: short term,,短期,duǎnqī,5
noun: team member,,队员,duìyuán,5
"verb: to treat (a person, situation, or issue)",,对待,duìdài,5
noun: the other side / the other party,,对方,duìfāng,5
noun: opponent / rival,,对手,duìshǒu,5
"noun: target / object (of action or study)
noun (colloquial): partner / significant other",,对象,duìxiàng,5
"measure word: for meals, scoldings, beatings, pauses
noun: pause / moment",,顿,dùn,5
verb: to send out / to emit / to issue,,发出,fāchū,5
"verb: to send / to dispatch (emails, data, goods)",,发送,fāsòng,5
verb: to publish / to express (a view publicly),,发表,fābiǎo,5
adjective: developed / advanced,,发达,fādá,5
"verb: to start (engine, war, movement)",,发动,fādòng,5
"verb: to invent
noun: invention",,发明,fāmíng,5
verb: to oppose / to object,,反对,fǎnduì,5
"adverb: repeatedly
adjective: repetitive / inconsistent",,反复,fǎnfù,5
verb: to prevent / to guard against,,防,fáng,5
noun: house / building,,房屋,fángwū,5
noun: rent (for housing),,房租,fángzū,5
noun: landlord / landlady,,房东,fángdōng,5
noun: method / way / style,,方式,fāngshì,5
"verb: to visit (formally, for interviews or diplomatic purposes)
noun: visit / interview",,访问,fǎngwèn,5
verb: to prevent / to avoid,,防止,fángzhǐ,5
noun: scope / range / extent,,范围,fànwéi,5
"noun: reaction / response
verb: to react / to respond",,反应,fǎnyìng,5
adverb: anyway / in any case,,反正,fǎnzhèng,5
"verb: to speak / make a speech
noun: speech / statement",,发言,fāyán,5
"verb: to develop
noun: development",,发展,fāzhǎn,5
noun: fee / expense,,费,fèi,5
"verb: to fly
noun: flight (as an activity)",,飞行,fēixíng,5
noun: cost / expense,,费用,fèiyòng,5
"verb: to divide into groups
noun: grouping",,分组,fēnzǔ,5
"verb: to part / to separate
adverb: respectively
noun: separation",,分别,fēnbié,5
"adjective: rich / abundant
verb: to enrich",,丰富,fēngfù,5
noun: risk / danger,,风险,fēngxiǎn,5
verb: to distribute / to allocate,,分配,fēnpèi,5
"verb: to deny / to negate
adjective: negative (response or judgment)",,否定,fǒudìng,5
verb: to deny / to repudiate (usually a fact or accusation),,否认,fǒurèn,5
noun: blessing / good fortune,,福,fú,5
verb: to pay,,付,fù,5
"adjective: rich / wealthy
verb: to become rich (literary or formal use)",,富,fù,5
verb: to photocopy,,复印,fùyìn,5
adjective: complex / complicated,,复杂,fùzá,5
"verb: to be responsible for
adjective: responsible",,负责,fùzé,5
noun: clothing / outfit,,服装,fúzhuāng,5
verb: to transform / to renovate / to reform,,改造,gǎizào,5
verb: to improve / to make better,,改进,gǎijìn,5
noun: concept / idea,,概念,gàiniàn,5
verb: to rush to (a place),,赶到,gǎndào,5
adverb: quickly / immediately,,赶紧,gǎnjǐn,5
"verb: to catch a cold
noun: cold (illness)",,感冒,gǎnmào,5
noun: emotion / affection / feelings (between people),,感情,gǎnqíng,5
"noun: feeling / experience
verb: to feel / to experience",,感受,gǎnshòu,5
"noun: highway (short for 高速公路)
adjective: high-speed",,高速,gāosù,5
verb: to say goodbye / to part from,,告别,gàobié,5
noun: expressway / highway,,高速公路,gāosùgōnglù,5
pronoun/determiner: each / every,,各,gè,5
noun: various places / all regions,,各地,gèdì,5
noun: fan of a singer,,歌迷,gēmí,5
noun: singing voice,,歌声,gēshēng,5
noun: singer,,歌手,gēshǒu,5
pronoun: everyone (formal/polite),,各位,gèwèi,5
noun/phrase: various kinds / all sorts of,,各种,gèzhǒng,5
"adverb: at all / completely (used with negatives)
noun: root / essence",,根本,gēnběn,5
adverb: even more,,更加,gèngjiā,5
noun: individual / personal,,个人,gèrén,5
noun: personality / individuality,,个性,gèxìng,5
pronoun/adverb: each / respectively,,各自,gèzì,5
noun: time / effort / skill,,工夫,gōngfu,5
adjective: public / communal,,公共,gōnggòng,5
noun: civil servant / government employee,,公务员,gōngwùyuán,5
verb: to jointly own / to share,,共有,gòngyǒu,5
verb: to announce / to make public,,公布,gōngbù,5
" noun: is the more common and specific term for a ""factory"" or ""plant""",,工厂,gōngchǎng,5
noun: engineer,,工程师,gōngchéngshī,5
"noun: skill / effort / time
noun: kung fu (martial arts)",,功夫,gōngfu,5
noun: tool / instrument,,工具,gōngjù,5
verb: to disclose / to make public,,公开,gōngkāi,5
"verb: to disclose / to make public
adjective: public / open (not secret)",,公民,gōngmín,5
noun: function / feature,,功能,gōngnéng,5
adjective: shared / mutual / common,,共同,gòngtóng,5
noun: industry / industrial sector,,工业,gōngyè,5
noun: salary / wage,,工资,gōngzī,5
adjective: ancient / old,,古,gǔ,5
verb: to hang / to suspend / to hang up (e.g. phone),,挂,guà,5
"verb: to watch (a performance, film, match, etc.)",,观看,guānkàn,5
verb: to follow closely / to pay attention to,,关注,guānzhù,5
verb: to observe,,观察,guānchá,5
"noun: broadcast
verb: to broadcast",,广播,guǎngbō,5
adjective: vast / numerous (often used for people or regions),,广大,guǎngdà,5
"noun: light
adjective: bright / promising (figurative)",,光明,guāngmíng,5
"verb: to manage / to administer
noun: management",,管理,guǎnlǐ,5
noun: concept / idea / mindset,,观念,guānniàn,5
"noun: relationship / connection
verb (colloquial): to affect / to have to do with",,关系,guānxì,5
noun: audience / spectators,,观众,guānzhòng,5
noun: ancient times,,古代,gǔdài,5
"verb: to stipulate / to set (rules)
noun: regulation / rule",,规定,guīdìng,5
"noun: standard / norm
adjective: standard / well-regulated
verb: to standardize",,规范,guīfàn,5
noun: young woman / girl,,姑娘,gūniang,5
noun/adjective: domestic / within the country,,国内,guónèi,5
noun: National Day,,国庆,guóqìng,5
noun: process,,过程,guòchéng,5
adverb: as expected / sure enough,,果然,guǒrán,5
noun: fruit juice,,果汁,guǒzhī,5
noun: hometown / native place,,故乡,gùxiāng,5
noun: customs (border inspection),,海关,hǎiguān,5
adjective: curious,,好奇,hàoqí,5
adjective: legal / lawful,,合法,héfǎ,5
adjective: qualified / up to standard,,合格,hégé,5
adjective: reasonable / rational,,合理,hélǐ,5
noun: peace,,和平,hépíng,5
"verb: to cooperate / to collaborate
noun: cooperation",,合作,hézuò,5
noun: consequence / result (often negative),,后果,hòuguǒ,5
verb: to row a boat,,划船,huáchuán,5
noun: stage play / drama,,话剧,huàjù,5
"noun: ring / loop / link
measure word: for rounds/laps",,环,huán,5
noun/adjective: environmental protection / eco-friendly,,环保,huánbǎo,5
noun: environment / surroundings,,环境,huánjìng,5
"noun: joy / happiness
adjective: joyful",,欢乐,huānlè,5
noun: topic of conversation,,话题,huàtí,5
"noun: member (of a club, service, etc.)",,会员,huìyuán,5
noun: meeting / conference,,会议,huìyì,5
noun: the internet,,互联网,hùliánwǎng,5
"verb: to live
adjective: alive
noun: work / task (colloquial)",,活,huó,5
adverb: each other / mutually,,互相,hùxiāng,5
adverb: basically / generally speaking,,基本上,jīběnshàng,5
adverb (degree): extremely / very (used after adjectives),,极了,jíle,5
"noun: shelf / frame
measure word: for machines, planes",,架,jià,5
verb: to speed up / to accelerate,,加快,jiākuài,5
"noun: price (casual, everyday use)",,价钱,jiàqián,5
verb: to strengthen / to enhance,,加强,jiāqiáng,5
"noun: price (standard, listed)",,价格,jiàgé,5
verb: to process / to refine,,加工,jiāgōng,5
noun: furniture,,家具,jiājù,5
verb: to build / to construct,,建,jiàn,5
verb: to complete construction,,建成,jiànchéng,5
verb: to persist / to insist,,坚持,jiānchí,5
adverb: nearly / close to (used before numbers),,将近,jiāngjìn,5
noun: the future,,将来,jiānglái,5
adjective: firm / determined (in attitude or decision),,坚决,jiānjué,5
"verb: to establish (e.g. relationships, systems, institutions)",,建立,jiànlì,5
adjective: strong (in will or character),,坚强,jiānqiáng,5
"verb: to construct / to develop
noun: construction",,建设,jiànshè,5
"verb: to suggest / to recommend
noun: suggestion",,建议,jiànyì,5
adverb: simply / virtually / just (used for emphasis),,简直,jiǎnzhí,5
verb: to pay a fee,,交费,jiāofèi,5
noun: traffic police,,交警,jiāojǐng,5
"noun: coach / trainer
verb (rare/colloquial): to train (as a coach)",,教练,jiàoliàn,5
"verb: to exchange (ideas, cultures) / to communicate
noun: communication / exchange",,交流,jiāoliú,5
"verb: to associate / to interact socially
noun: contact / social interaction",,交往,jiāowǎng,5
"verb: to trade / to make a deal
noun: trade / transaction",,交易,jiāoyì,5
"noun: family members (esp. of staff, soldiers, patients)",,家属,jiāshǔ,5
noun: hometown,,家乡,jiāxiāng,5
noun: value / worth,,价值,jiàzhí,5
adjective: basic / fundamental,,基本,jīběn,5
noun: foundation / basis,,基础,jīchǔ,5
"Verb: to untie / to unfasten / to solve (figurative, e.g., a riddle or knot)",,解开,jiěkāi,5
"verb: to receive (guests, visitors, clients)",,接待,jiēdài,5
Verb: to combine / to integrate / to unite,,结合,jiéhé,5
"Verb: to approach / to get close to (in space or time)
Adjective: near / close (formal usage)",,接近,jiējìn,5
Verb: to solve / to settle,,解决,jiějué,5
"adjective: strong / sturdy / durable
",,结实,jiēshi,5
"Verb: to end / to finish
Noun: end / conclusion (contextual, not used as a standalone noun in casual speech)",,结束,jiéshù,5
Verb: to save / to economize,,节约,jiéyuē,5
adjective: active / positive / proactive,,积极,jījí,5
"verb: to record
noun: record / notes",,记录,jìlù,5
"noun: (official) record / documentation (esp. for sports, history)
verb: to document",,纪录,jìlù,5
Adverb: only / just (More formal than 只),,仅,jǐn,5
Adjective: tight / urgent,,紧,jǐn,5
Adverb: only / merely (stronger tone than “仅”),,仅仅,jǐnjǐn,5
Noun: gold medal,,金牌,jīnpái,5
Noun/Adverb: in the near future / recently,,近期,jìnqī,5
Adverb: further / to go a step further,,进一步,jìnyíbù,5
"Noun: progress / improvement
Verb: to improve / to make progress",,进步,jìnbù,5
"Adjective: quiet / still
Verb (literary): to calm / to become still",,静,jìng,5
Adjective: brilliant / wonderful / splendid,,精彩,jīngcǎi,5
"Noun: economy / economics
Adjective (contextual): economical",,经济,jīngjì,5
Noun: Peking opera,,京剧,jīngjù,5
"Verb: to experience / to go through
Noun: experience (life events)",,经历,jīnglì,5
Noun: scenery / view,,景色,jǐngsè,5
"Noun: spirit / energy / vitality
Adjective: lively / energetic",,精神,jīngshén,5
Noun: experience (knowledge or skill gained over time),,经验,jīngyàn,5
"Verb: to manage / to operate (a business, activity, or plan)",,经营,jīngyíng,5
"verb: to commemorate
noun: souvenir / remembrance",,纪念,jìniàn,5
Adjective: urgent / critical,,紧急,jǐnjí,5
Adverb: to the best of one's ability / as much as possible,,尽量,jǐnliàng,5
"Noun: progress / development (of an ongoing process)

Verb: to progress (formal)",,进展,jìnzhǎn,5
noun: machine,,机器,jīqì,5
adjective/adverb: timely / in time,,及时,jíshí,5
noun: technology / technique,,技术,jìshù,5
"verb: to calculate / to count
noun: calculation",,计算,jìsuàn,5
"noun: group / collective
adjective: collective",,集体,jítǐ,5
"Verb: to get a job / to be employed
Noun: employment",,就业,jiùyè,5
noun: reporter / journalist,,记者,jìzhě,5
"verb: to concentrate / to focus
adjective: concentrated (intensity, effort)",,集中,jízhōng,5
"Verb: to host / to hold (an event, competition, etc.)",,举办,jǔbàn,5
"verb: to decide
noun: decision",,决定,juédìng,5
"adjective: absolute
adverb: absolutely / definitely",,绝对,juéduì,5
noun: final match / championship,,决赛,juésài,5
"noun: determination / resolution
verb: to make up one’s mind",,决心,juéxīn,5
verb: to open for business (usually for stores or services),,开业,kāiyè,5
"verb: to develop (resources, land, software, etc.)
noun: development (esp. software, real estate)",,开发,kāifā,5
"verb: to open up (access, markets, doors, etc.)
adjective: open-minded / liberal",,开放,kāifàng,5
"verb: to carry out / to launch (activities, projects, campaigns)",,开展,kāizhǎn,5
"verb: to test / to challenge
noun: test / trial",,考验,kǎoyàn,5
noun: science and technology,,科技,kējì,5
noun: course / curriculum,,课程,kèchéng,5
"verb: to overcome / to conquer (obstacles, difficulties, etc.).",,克服,kèfú,5
adjective: objective / unbiased,,客观,kèguān,5
adjective: reliable / dependable,,可靠,kěkào,5
adverb: probably / I'm afraid that... (used to express worry or polite disagreement),,恐怕,kǒngpà,5
noun: air conditioner,,空调,kōngtiáo,5
"adjective: fast / rapid
adverb: quickly",,快速,kuàisù,5
"adjective: sleepy / drowsy
verb: to trap / to be stranded (literary or formal use)",,困,kùn,5
"noun: difficulty / hardship
adjective: difficult",,困难,kùnnán,5
noun: pants / trousers,,裤子,kùzi,5
noun: ordinary people / common folk,,老百姓,lǎobǎixìng,5
adjective: optimistic,,乐观,lèguān,5
"adjective: similar / alike
Used there are things that have something in common but also have differences.",,类似,lèisì,5
noun: United Nations,,联合国,liánhéguó,5
noun: TV series / drama,,连续剧,liánxùjù,5
noun: cold water / cool water,,凉水,liángshuǐ,5
"verb: to unite / to combine
noun: alliance / cooperation",,联合,liánhé,5
adverb: hurriedly / promptly,,连忙,liánmáng,5
"verb: to contact / to connect
noun: contact / connection",,联系,liánxì,5
"adjective: consecutive / continuous
adverb: continuously",,连续,liánxù,5
"verb: to get a haircut / to cut hair (more formal way to say haircut or in general get the whole hair done professionally)
noun: haircut",,理发,lǐfà,5
"verb: to divorce
noun: divorce",,离婚,líhūn,5
"verb: to understand (ideas, reasoning, emotions)
noun: understanding",,理解,lǐjiě,5
adverb: immediately / at once,,立刻,lìkè,5
noun: strength / power (physical or abstract),,力量,lìliàng,5
noun: theory,,理论,lǐlùn,5
verb: to receive / to lead / to fetch,,领,lǐng,5
noun phrase: on the other hand,,另一方面,lìngyìfāngmiàn,5
"noun: leader / leadership
verb: to lead / to guide",,领导,lǐngdǎo,5
"adverb: in addition / besides
conjunction: moreover",,另外,lìngwài,5
"verb: to lead / to be ahead
adjective: leading / in front",,领先,lǐngxiān,5
verb: to study abroad,,留学,liúxué,5
noun: reason / justification,,理由,lǐyóu,5
verb: to record / to enroll / to admit,,录,lù,5
noun: hotel / inn,,旅馆,lǚguǎn,5
noun: route / itinerary,,路线,lùxiàn,5
noun: travel agency,,旅行社,lǚxíngshè,5
"verb: to fall behind
adjective: backward / underdeveloped",,落后,luòhòu,5
"verb: to record audio
noun: audio recording",,录音,lùyīn,5
"verb: to satisfy
adjective: satisfied",,满足,mǎnzú,5
"noun: problem / fault / defect (can be used for machines, habits, or health)",,毛病,máobìng,5
"adjective: beautiful / wonderful (used for abstract things like memories, future)",,美好,měihǎo,5
noun: delicious food / gourmet food,,美食,měishí,5
noun: U.S. dollar,,美元,měiyuán,5
"noun: fine arts (painting, sculpture, etc.)",,美术,měishù,5
noun: media / news outlet,,媒体,méitǐ,5
"noun: fan / enthusiast
verb: to be fascinated / confused / lost (figurative or literal)",,迷,mí,5
verb: to face / to confront,,面对,miànduì,5
noun: area / surface area,,面积,miànjī,5
"verb: to make clear / to clarify
adjective: clear / definite",,明确,míngquè,5
adjective: obvious / evident,,明显,míngxiǎn,5
noun: fate / destiny,,命运,mìngyùn,5
"adjective: among the people / folk (used with culture, art, etc.)",,民间,mínjiān,5
noun: ethnicity / nation,,民族,mínzú,5
pronoun: some / a certain (person or thing),,某,mǒu,5
noun: goal / target,,目标,mùbiāo,5
noun/adverb: at present / currently,,目前,mùqián,5
noun: degree of difficulty,,难度,nándù,5
noun: inner heart / innermost feelings,,内心,nèixīn,5
"noun: content (of speech, writing, work, etc.)",,内容,nèiróng,5
noun: ability / capacity / competence,,能力,nénglì,5
noun: beginning of the year,,年初,niánchū,5
noun: end of the year,,年底,niándǐ,5
noun: decade / era,,年代,niándài,5
noun: age (of a person),,年纪,niánjì,5
noun: countryside / rural area,,农村,nóngcūn,5
noun: farmer / peasant,,农民,nóngmín,5
noun: agriculture,,农业,nóngyè,5
adjective: warm (weather or environment),,暖和,nuǎnhuo,5
"verb: to assign / to send
noun: faction / school of thought",,派,pài,5
"noun: ranking
verb: to rank (usually followed by 第...)",,排名,páimíng,5
noun: brand / sign / label,,牌子,páizi,5
"verb: to judge / to determine
noun: judgment / decision",,判断,pànduàn,5
"verb: to cooperate / to coordinate
noun: coordination (often with liang hao、mique)",,配合,pèihé,5
noun: skin / leather / peel,,皮,pí,5
noun: leather bag / purse,,皮包,píbāo,5
noun: ticket price,,票价,piàojià,5
noun: beer,,啤酒,píjiǔ,5
"verb: to evaluate / to assess
noun: evaluation / review",,评价,píngjià,5
"verb: to criticize
noun: criticism",,批评,pīpíng,5
verb: to approve / to authorize,,批准,pīzhǔn,5
"verb: to destroy / to sabotage
noun: destruction / damage",,破坏,pòhuài,5
adjective: common / widespread,,普遍,pǔbiàn,5
"verb: to popularize / to spread
adjective: widespread (formal, esp. for education, tech)",,普及,pǔjí,5
verb: to advance / to move forward,,前进,qiánjìn,5
verb: to go to (formal),,前往,qiánwǎng,5
"adjective: strong / powerful
verb (colloquial): to force (as in 强迫)",,强,qiáng,5
adjective: powerful / mighty,,强大,qiángdà,5
verb: to emphasize / to stress,,强调,qiángdiào,5
"adjective: intense / strong (emotion, contrast, effect)",,强烈,qiángliè,5
adverb: must / by all means (used for strong advice or warning),,千万,qiānwàn,5
adjective: coincidental / skillful,,巧,qiǎo,5
adverb: secondly / next,,其次,qícì,5
noun: climate,,气候,qìhòu,5
noun: close family member,,亲人,qīnrén,5
noun: emotion / feeling / affection,,情感,qínggǎn,5
verb: to consult / to seek advice (polite),,请教,qǐngjiào,5
noun: situation / condition / circumstances,,情况,qíngkuàng,5
verb: to celebrate,,庆祝,qìngzhù,5
adjective: warm / kind / cordial,,亲切,qīnqiè,5
adverb: personally / in person,,亲自,qīnzì,5
adverb: actually / in fact,,其实,qíshí,5
noun: sports fan,,球迷,qiúmí,5
noun: area / district / zone,,区,qū,5
noun: the entire venue / the whole audience / the whole game,,全场,quánchǎng,5
noun/adjective: global / worldwide,,全球,quánqiú,5
"verb: to distinguish / to differentiate
noun: difference / distinction",,区别,qūbié,5
verb: to lack / to be short of,,缺,quē,5
verb: to ensure / to guarantee,,确保,quèbǎo,5
noun: shortcoming / flaw,,缺点,quēdiǎn,5
"verb: to confirm / to determine
adjective: definite / certain",,确定,quèdìng,5
verb: to be short of / to be lacking (a thing or amount),,缺少,quēshǎo,5
"adverb: indeed / truly
adjective: real / reliable",,确实,quèshí,5
"noun: group / crowd / herd
measure word: for groups of people, animals",,群,qún,5
noun: skirt / dress,,裙子,qúnzi,5
verb: to pass away (polite/formal),,去世,qùshì,5
verb: to cancel / to call off,,取消,qǔxiāo,5
verb: to deeply love / to passionately devote oneself to,,热爱,rè'ài,5
"adjective: warm / enthusiastic / lively (used for atmosphere, response, applause)",,热烈,rèliè,5
verb: to recognize (someone/something from memory or visual cues),,认出,rènchū,5
verb: to recognize / to know (a person or thing by appearance or familiarity),,认得,rèndé,5
"noun: the people / citizens (formal, collective)",,人民,rénmín,5
noun: crowd (of people),,人群,rénqún,5
noun: talent / skilled person,,人才,réncái,5
"adjective: artificial / man-made

noun: manual labor",,人工,réngōng,5
adverb: still / as before,,仍然,réngrán,5
pronoun: any / whatever / whichever,,任何,rènhé,5
"verb: to approve / to accept
noun: approval / recognition",,认可,rènkě,5
noun: humankind / humanity,,人类,rénlèi,5
"noun: life (human life, in a philosophical sense)",,人生,rénshēng,5
noun: task / mission / assignment,,任务,rènwu,5
noun: personnel / staff / crew,,人员,rényuán,5
"adjective: daily / routine
noun: daily life / daily routine",,日常,rìcháng,5
adverb: how / in what way,,如何,rúhé,5
verb: to rise / to go up (physically or abstractly),,上升,shàngshēng,5
noun: jacket / upper outer garment,,上衣,shàngyī,5
noun: goods / merchandise,,商品,shāngpǐn,5
adjective: sad / heartbroken,,伤心,shāngxīn,5
noun: commerce / business / trade,,商业,shāngyè,5
noun: equipment / device,,设备,shèbèi,5
noun: society,,社会,shèhuì,5
"verb: to design
noun: design / plan",,设计,shèjì,5
verb: to establish / to set up,,设立,shèlì,5
noun: ID card / identification,,身份证,shēnfènzhèng,5
"verb: to go deep into / to penetrate
adjective: in-depth",,深入,shēnrù,5
"verb: to produce / to manufacture
noun: production",,生产,shēngchǎn,5
verb: to survive / to exist,,生存,shēngcún,5
adjective: vivid / lively,,生动,shēngdòng,5
"noun: victory / success
verb: to win (formal/literary)",,胜利,shènglì,5
"verb: to state / to declare
noun: statement / declaration",,声明,shēngmíng,5
noun: life (biological concept),,生命,shēngmìng,5
noun: business / trade,,生意,shēngyi,5
"verb: to grow (biology, people, plants)",,生长,shēngzhǎng,5
adjective: profound / deep,,深刻,shēnkè,5
adverb: actually / in fact,,实际上,shíjìshàng,5
noun: food product,,食品,shípǐn,5
noun: exam question / test item,,试题,shìtí,5
noun: laboratory,,实验室,shíyànshì,5
verb: to be applicable / to suit a situation,,适用,shìyòng,5
noun: market (literal and figurative),,市场,shìchǎng,5
noun: era / age / times,,时代,shídài,5
"noun: accident (usually negative: car, industrial, etc.)",,事故,shìgù,5
verb: to suit / to be suitable for,,适合,shìhé,5
noun: century,,世纪,shìjì,5
noun: incident / event (especially major social or political ones),,事件,shìjiàn,5
"noun: moment / time
adverb: always / constantly",,时刻,shíkè,5
noun: strength / capability (esp. of a group or country),,实力,shílì,5
"verb: to lose (abstract things: trust, hope, opportunity)",,失去,shīqù,5
noun: fact,,事实,shìshí,5
verb: to implement / to carry out,,实行,shíxíng,5
"noun: experiment
verb: to experiment / to test

Used for Scientific experiment or Laboratory, academic research in a generally Formal, academic, scientific context",,实验,shíyàn,5
"verb: to test / to try out
noun: trial / experiment

used during Trial, test in practice for Real-world application, field on Practical, engineering, product",,试验,shìyàn,5
noun: career / enterprise / cause (more noble or idealistic than gong zuo),,事业,shìyè,5
verb: to adapt / to get used to,,适应,shìyìng,5
noun: petroleum / oil,,石油,shíyóu,5
adverb: always / from beginning to end (formal/literary tone),,始终,shǐzhōng,5
"verb: to charge a fee
noun: charging / fees",,收费,shōufèi,5
verb: to watch (TV broadcast),,收看,shōukàn,5
verb: to listen to (a broadcast or program),,收听,shōutīng,5
noun: capital city,,首都,shǒudū,5
verb: to get injured / to be hurt,,受伤,shòushāng,5
adverb: first of all / firstly,,首先,shǒuxiān,5
noun: procedures / formalities,,手续,shǒuxù,5
noun: radio (device),,收音机,shōuyīnjī,5
noun: finger,,手指,shǒuzhǐ,5
noun: acquaintance / familiar person,,熟人,shúrén,5
noun: both sides / two parties,,双方,shuāngfāng,5
noun: bookshelf,,书架,shūjià,5
noun: quantity / amount,,数量,shùliàng,5
"verb: to input / to enter (data, code, etc.)",,输入,shūrù,5
verb: to belong to / to be classified as,,属于,shǔyú,5
noun: thought / ideology / way of thinking,,思想,sīxiǎng,5
noun: speed / pace / rate,,速度,sùdù,5
"verb: to follow
preposition/adverb: along with / as",,随,suí,5
noun: director of an institute or office,,所长,suǒzhǎng,5
"measure word: for machines, performances
noun: platform / stage / desk",,台,tái,5
"verb: to have a conversation
noun: conversation / talk
",,谈话,tánhuà,5
"verb: to negotiate
noun: negotiation",,谈判,tánpàn,5
noun: characteristic / distinguishing feature,,特色,tèsè,5
"verb: to adjust / to transfer
noun: tone / key (music)",,调,tiáo,5
noun/verb: high jump / to do the high jump,,跳高,tiàogāo,5
noun/verb: long jump / to do the long jump,,跳远,tiàoyuǎn,5
"verb: to adjust / to revise
noun: adjustment",,调整,tiáozhěng,5
"noun: iron
adjective (figurative): strong / determined",,铁,tiě,5
noun: railway,,铁路,tiělù,5
"verb: to learn through experience
noun: realization / insight",,体会,tǐhuì,5
"The students began asking questions, and the teacher answered each question carefully.",,题目,tímù,5
noun: hearing / listening ability (often in language exams),,听力,tīnglì,5
verb: to stop / to cease,,停止,tíngzhǐ,5
noun: audience / listeners,,听众,tīngzhòng,5
"verb: to do something ahead of time
adverb: in advance",,提前,tíqián,5
"verb: to ask a question
noun: question (esp. in exams or formal settings)",,提问,tíwèn,5
verb: to embody / to reflect,,体现,tǐxiàn,5
"verb: to experience personally
noun: (personal) experience",,体验,tǐyàn,5
"verb: to correspond by letter or communication
noun: communication / correspondence",,通信,tōngxìn,5
adverb: usually / generally,,通常,tōngcháng,5
"noun: pain / suffering
adjective: painful",,痛苦,tòngkǔ,5
verb: to agree / to approve,,同意,tóngyì,5
"noun: group / organization
measure word: for round things (e.g. a ball, a lump)",,团,tuán,5
"verb: to unite
noun: unity",,团结,tuánjié,5
noun: group / organization / collective (usually formal or structured),,团体,tuántǐ,5
"verb: to highlight / to break through
adjective: outstanding / prominent",,突出,tūchū,5
verb: to withdraw / to quit / to exit,,退出,tuìchū,5
"verb: to promote / to drive (development, reform, etc.)",,推动,tuīdòng,5
"verb: to advance / to push forward (projects, policies)",,推进,tuījìn,5
verb: to push open / to push away,,推开,tuīkāi,5
"verb: to popularize / to promote (a product, method, etc.)",,推广,tuīguǎng,5
verb: to retire (from work),,退休,tuìxiū,5
noun: foreign language (written),,外文,wàiwén,5
noun: diplomacy / foreign affairs,,外交,wàijiāo,5
adverb: often / frequently (implying a pattern),,往往,wǎngwǎng,5
adjective: perfect / flawless,,完美,wánměi,5
"verb: to improve / to refine
adjective: perfect / well-developed",,完善,wánshàn,5
adjective: complete / intact,,完整,wánzhěng,5
verb: to surround / to enclose,,围,wéi,5
"noun: hygiene / sanitation
adjective: hygienic",,卫生,wèishēng,5
adjective: great / magnificent,,伟大,wěidà,5
"verb: to endanger / to harm
noun: harm / danger",,危害,wēihài,5
noun: culture / civilization,,文化,wénhuà,5
noun: document / file,,文件,wénjiàn,5
"noun: civilization
adjective: civilized / polite",,文明,wénmíng,5
"noun: warmth
adjective: warm (both physically and emotionally)",,温暖,wēnnuǎn,5
noun: literature,,文学,wénxué,5
noun: article / essay,,文章,wénzhāng,5
noun: characters / script / written language,,文字,wénzì,5
verb: to shake hands,,握手,wòshǒu,5
noun: stage (literal and metaphorical),,舞台,wǔtái,5
noun: line / thread / wire,,线,xiàn,5
noun: on-site / scene (of an event),,现场,xiànchǎng,5
"noun: modern times / the present era
adjective: modern",,现代,xiàndài,5
verb: to appear / to seem (followed by adjective),,显得,xiǎnde,5
verb: to compare with,,相比,xiāngbǐ,5
adverb: mutual / each other,,相互,xiānghù,5
"verb: to correspond to / to match
adverb: quite / fairly",,相当,xiāngdāng,5
adjective: related / relevant,,相关,xiāngguān,5
adjective: similar,,相似,xiāngsì,5
noun: cash,,现金,xiànjīn,5
"adjective: advanced (technology, thinking, methods)",,先进,xiānjìn,5
adverb: obviously / clearly,,显然,xiǎnrán,5
"noun: reality
adjective: realistic",,现实,xiànshí,5
verb: to display / to show,,显示,xiǎnshì,5
noun: phenomenon / appearance,,现象,xiànxiàng,5
"verb: to consume / to spend (money)
noun: consumption / spending",,消费,xiāofèi,5
noun: effect / result / effectiveness,,效果,xiàoguǒ,5
noun: news / information / message,,消息,xiāoxi,5
noun: envelope,,信封,xìnfēng,5
noun: luggage / baggage,,行李,xínglǐ,5
noun: gender / sex,,性别,xìngbié,5
verb: to form / to take shape,,形成,xíngchéng,5
"noun: happiness / well-being
adjective: happy",,幸福,xìngfú,5
noun: personality / character,,性格,xìnggé,5
noun: form / format / pattern,,形式,xíngshì,5
"noun: image / figure (reputation, branding)
adjective: vivid (less common, literary)",,形象,xíngxiàng,5
"noun: luck / fortune
adjective: lucky",,幸运,xìngyùn,5
noun: shape / form,,形状,xíngzhuàng,5
"verb: to trust
noun: trust",,信任,xìnrèn,5
verb: to repair / to fix / to trim,,修,xiū,5
verb: to revise / to modify,,修改,xiūgǎi,5
verb: to announce / to declare,,宣布,xuānbù,5
"verb: to publicize / to promote
noun: promotion / publicity",,宣传,xuānchuán,5
noun: contestant / athlete,,选手,xuǎnshǒu,5
noun: tuition fee,,学费,xuéfèi,5
"noun: training
verb: to train",,训练,xùnliàn,5
noun: demand / need,,需求,xūqiú,5
noun: pressure / stress,,压力,yālì,5
verb: to sing (in performance),,演唱,yǎnchàng,5
noun: concert,,演唱会,yǎnchànghuì,5
"noun: performance / show
verb: to perform",,演出,yǎnchū,5
noun: actor / actress,,演员,yǎnyuán,5
conjunction: on one hand / on the one side,,一方面,yìfāngmiàn,5
noun: clothes hanger,,衣架,yījià,5
grammar pattern: since (a point in time),,以来,yǐlái,5
"noun: silver (metal)
adjective: silver-colored",,银,yín,5
noun: silver medal,,银牌,yínpái,5
conjunction: therefore / thus,,因此,yīncǐ,5
modal verb: should / ought to,,应当,yīngdāng,5
noun: film and television,,影视,yǐngshì,5
verb: to greet / to welcome,,迎接,yíngjiē,5
"noun: nutrition
adjective: nutritious (used attributively)",,营养,yíngyǎng,5
"verb: to apply / to use
noun: application (as in tech/app usage)",,应用,yìngyòng,5
noun: impression,,印象,yìnxiàng,5
noun/pronoun: everything / all,,一切,yíqiè,5
noun: art / artistic skill,,艺术,yìshù,5
"noun: accident / unexpected event
adjective: unexpected / surprising",,意外,yìwài,5
noun: meaning / significance,,意义,yìyì,5
noun: mail / email,,邮件,yóujiàn,5
noun: email inbox / mailbox,,邮箱,yóuxiāng,5
adjective: effective / valid,,有效,yǒuxiào,5
noun: advantage / merit / strength,,优点,yōudiǎn,5
adjective: beneficial / advantageous,,有利,yǒulì,5
"noun: advantage (comparative, strategic)",,优势,yōushì,5
conjunction: due to / because of,,由于,yóuyú,5
verb: to estimate / to predict,,预计,yùjì,5
noun: employee / staff,,员工,yuángōng,5
noun: wish / desire,,愿望,yuànwàng,5
"noun: forecast
verb: to forecast",,预报,yùbào,5
verb: to make an appointment,,约,yuē,5
noun: band (music group),,乐队,yuèduì,5
verb: to prevent,,预防,yùfáng,5
"verb: to transport
noun: transportation",,运输,yùnshū,5
verb: to preview (lessons before class),,预习,yùxí,5
verb: to make / to build,,造,zào,5
adverb: long ago / already (with emphasis),,早已,zǎoyǐ,5
verb: to cause / to result in,,造成,zàochéng,5
noun: magazine,,杂志,zázhì,5
verb: to increase / to raise,,增加,zēngzhǎng,5
noun: responsibility / duty,,责任,zérèn,5
verb: to unfold / to launch,,展开,zhǎnkāi,5
adverb: full / whole (emphasizing duration or quantity),,整整,zhěngzhěng,5
noun: ID / official document,,证件,zhèngjiàn,5
noun: evidence / proof,,证据,zhèngjù,5
verb: to tidy up / to organize,,整理,zhěnglǐ,5
"verb: to prove / to certify
noun: proof / certificate",,证明,zhèngmíng,5
adjective: neat / orderly / well-organized,,整齐,zhěngqí,5
verb: to strive for / to fight for / to win over,,争取,zhēngqǔ,5
adjective: formal / official,,正式,zhèngshì,5
"noun: whole / entirety
adjective: overall / as a whole",,整体,zhěngtǐ,5
adjective: true / real / genuine,,真实,zhēnshí,5
verb: to point out / to indicate,,指出,zhǐchū,5
verb: to pay (money),,支付,zhīfù,5
noun: staff / employees (usually working-class),,职工,zhígōng,5
noun: aspiration / volunteer will / choice (esp. for school application),,志愿,zhìyuàn,5
"noun: live broadcast
verb: to livestream",,直播,zhíbō,5
"verb: to support
noun: support",,支持,zhīchí,5
"verb: to guide / to instruct
noun: guidance / coaching",,指导,zhǐdǎo,5
verb: to be worth (doing something),,值得,zhíde,5
"verb: to formulate / to set up (rules, plans, policy)",,制定,zhìdìng,5
noun: system / institution / policy,,制度,zhìdù,5
adverb: have no choice but to / be forced to,,只好,zhǐhǎo,5
adverb: until now / to this day,,至今,zhìjīn,5
adverb: at least,,至少,zhìshǎo,5
noun: profession / occupation,,职业,zhíyè,5
noun: volunteer,,志愿者,zhìyuànzhě,5
verb: to manufacture / to produce (usually large-scale),,制造,zhìzào,5
"verb: to make / to produce (especially media, craft, food)",,制作,zhìzuò,5
noun: central region / middle part,,中部,zhōngbù,5
proper noun: the Chinese nation / the Chinese ethnic group,,中华民族,zhōnghuámínzú,5
adjective: significant / major,,重大,zhòngdà,5
noun: seed,,种子,zhǒngzi,5
noun: surroundings / nearby area,,周围,zhōuwéi,5
"verb: to change / to transform
noun: change / transformation",,转变,zhuǎnbiàn,5
noun: condition / situation / status (often external or visible),,状况,zhuàngkuàng,5
noun: state / condition / status (often mental or internal),,状态,zhuàngtài,5
noun: expert / specialist,,专家,zhuānjiā,5
"adverb: specially / for a particular purpose
adjective: specialized",,专门,zhuānmén,5
"noun: special topic / theme (for a program, report, article)",,专题,zhuāntí,5
"noun: major (in university) / profession
adjective: professional",,专业,zhuānyè,5
verb: to host / to preside over,,主持,zhǔchí,5
"adjective: proactive / voluntary
adverb: actively / of one’s own accord",,主动,zhǔdòng,5
"noun: director / head (of an office, section, etc.)",,主任,zhǔrèn,5
verb: to pay attention to / to take care,,注意,zhùyì,5
noun: idea / plan / decision,,主意,zhǔyi,5
"verb: to advocate / to propose
noun: opinion / advocacy",,主张,zhǔzhāng,5
noun: children (sons and daughters),,子女,zǐnǚ,5
pronoun/noun: oneself / personal,,自身,zìshēn,5
preposition: since (a certain time),,自从,zìcóng,5
adjective/adverb: automatic / voluntarily,,自动,zìdòng,5
noun: qualification / eligibility,,资格,zīgé,5
noun: funds / capital,,资金,zījīn,5
"adjective: conscious / self-aware
verb: to be aware of",,自觉,zìjué,5
"noun: nature
adjective: natural
adverb: naturally",,自然,zìrán,5
adjective: independent / autonomous,,自主,zìzhǔ,5
"verb: to summarize / to conclude
noun: summary",,总结,zǒngjié,5
adverb: always,,总是,zǒngshì,5
"adjective: sufficient / enough
verb: to be enough",,足够,zúgòu,5
"noun: combination / group
verb: to combine",,组合,zǔhé,5
"noun: work (of art, literature, etc.)",,作品,zuòpǐn,5
noun: postage stamp,,邮票,yóupiào,5
preposition/conjunction: until,,直到,zhídào,5
general term for the creator of any written work.,,作者,zuòkè,5
noun: concert,,音乐会,yīnyuèhuì,5
actually / not at all (used with negative),,并（副、连）,bìng,5
noun/adjective: daily / everyday,,日常,rìcháng,5
noun: teaching material / textbook,,教材,jiàocái,5
"verb: to praise
noun: praise / commendation",,表扬,biǎoyáng,5
adverb: instead / on the contrary,,反而,fǎn’ér,5
verb: to obtain / to receive / to win,,获得,huòdé,5
verb: to breathe,,呼吸,hūxī,5
"noun: lesson (usually learned from a mistake)
verb: to lecture / to discipline",,教训,jiàoxun,5
adverb: unexpectedly / to one’s surprise,,竟然,jìngrán,5
adjective: kind-hearted,,善良,shànliáng,5
adverb: conveniently / in passing / without effort,,随手,suíshǒu,5
"verb: to sell
noun: sales",,销售,xiāoshòu,5
"verb: to absorb / to take in (nutrients, information, people)",,吸收,xīshōu,5
verb: to repair / to fix,,修理,xiūlǐ,5
verb: to attract / to draw,,吸引,xīyǐn,5
noun: quality (of a product or work),,质量,zhìliàng,5
noun: plant,,植物,zhíwù,5
noun: kind / type / category,,种类,zhǒnglèi,5
verb: to greet / to call out to,,招呼,zhāohu,5
"verb: to endure / to bear (pressure, pain, etc.)",,承受,chéngshòu,5
adverb: unable to / incapable of,,无法,wúfǎ,5
verb: to take the position of / to serve as,,担任,dānrèn,5
conjunction: so / as a result / therefore,,于是,yúshì,5
verb: to be shocked / surprised,,吃惊,chījīng,5
adjective: cold / frigid,,寒冷,hánlěng,5
verb: to exercise / to train (physically or mentally),,锻炼,duànliàn,5
verb: to promote / to boost / to facilitate,,促进,cùjìn,5
"verb: to read
noun: reading",,阅读,yuèdú,5
verb: to include / to contain,,包含,bāohán,5
conjunction: no matter / regardless of,,无论,wúlùn,5
noun: role (in drama/life),,角色,juésè,5
adjective/adverb: opposite / on the contrary,,相反,xiāngfǎn,5
adjective: mischievous / playful (often affectionately),,调皮,tiáopí,5
verb: to walk (on foot),,步行,bùxíng,5
adjective: sufficient / ample,,充足,chōngzú,5
verb: to disturb / to interrupt,,打扰,dǎrǎo,5
"verb: to communicate
noun: communication",,沟通,gōutōng,5
verb: to imitate / to mimic,,模仿,mófǎng,5
noun: age,,年龄,niánlíng,5
adjective: diligent / hardworking,,勤奋,qínfèn,5
verb: to clean up / to clear out,,清理,qīnglǐ,5
"verb: to damage / to harm (abstract things like rights, reputation, health)",,损害,sǔnhài,5
"noun: loss (financial, material)
verb: to lose (in terms of assets or benefit)",,损失,sǔnshī,5
noun: conviction / strong belief (often secular or motivational),,信念,xìnniàn,5
noun: role model / example,,模范,mófàn,5
verb: to treasure / to cherish,,珍惜,zhēnxī,5
verb: to respect,,尊敬,zūnjìng,5
verb: to give as a gift,,赠送,zèngsòng,5
noun: video,,视频,shìpín,5
adverb: so / like this,,如此,rúcǐ,5
noun: standpoint / position (on an issue),,立场,lìchǎng,5
adjective: harmonious,,和谐,héxié,5
"verb: to nag / to chatter
adjective (informal): nagging / repetitive",,唠叨,láodao,5
noun: reputation / honor,,名誉,míngyù,5
adverb: deeply (emotionally or physically),,深深,shēnshēn,5
adverb: specially / for a special purpose,,特地,tèdì,5
noun: belief / faith (especially religious or spiritual),,信仰,xìnyǎng,5
noun: factor / element,,因素,yīnsù,5
verb: to fight for / to compete over,,争夺,zhēngduó,5
adjective: modest / humble,,谦虚,qiānxū,5
noun: atmosphere / vibe,,气氛,qìfēn,5
noun: crisis,,危机,wēijī,5
verb/noun: to struggle / fight (literal or figurative),,斗争,dòuzhēng,5
"verb: to commit a foul
noun: foul / rule violation",,犯规,fànguī,5
noun: warehouse / storage,,仓库,cāngkù,5
Neck,,脖子,bózi,5
adjective: kindly / benevolent (used for elder appearance or tone),,慈祥,cíxiáng,5
verb: to learn of / to be informed,,得知,dézhī,5
noun: fan (supporter of a celebrity or brand),,粉丝,fěnsī,5
verb: to be convinced / to accept someone’s superiority,,服气,fúqì,5
noun: emotional feeling / sentiment (usually after experience or reflection),,感触,gǎnchù,5
adjective: behind-the-scenes,,幕后,mùhòu,5
verb: to delete / to erase,,删除,shānchú,5
noun: faucet / tap,,水龙头,shuǐlóngtóu,5
Private Car,,私家车,sījiāchē,5
verb: to break / to damage (physically),,损坏,sǔnhuài,5
"verb: to absorb / to draw from (experience, lessons)",,吸取,xīqǔ,5
adjective: ashamed / guilty,,羞愧,xiūkuì,5
"adverbial phrase: to have some, its usually combined with other words",,有所,yǒusuǒ,5
noun: debt / liability,,债务,zhàiwù,5
verb: to block / to obstruct,,阻挡,zǔdǎng,5
verb: to replace / to substitute,,取代,qǔdài,5
noun: lips,,嘴唇,zuǐchún,5
adverb/verb: with all one’s might / to risk one's life,,拼命,pīnmìng,5
noun: elder / senior (in age or position),,长辈,zhǎngbèi,5
noun: role model / example,,榜样,bǎngyàng,5
verb/adjective: to belong to / affiliated with,,所属,suǒshǔ,5
noun: club / student organization,,社团,shètuán,5
adjective: ordinary / common,,寻常,xúncháng,5
adverb/verb: forcibly / to force,,强行,qiángxíng,5
noun: destination / place to go,,去处,qùchù,5
noun: charm / charisma,,魅力,mèilì,5
adverb: by chance / just so happens,,恰巧,qiàqiǎo,5
noun: desire / craving,,欲望,yùwàng,5
"verb: to show unintentionally / to reveal (emotion, thoughts)",,流露,liúlù,5
noun: appearance,,外表,wàibiǎo,5
"adjective: gentle / soft (personality, tone, action)",,温柔,wēnróu,5
adjective: cheerful / outgoing,,开朗,kāilǎng,5
idiom: regardless of consequences / act impulsively,,不管三七二十一,bùguǎnsānqīèrshíyī,5
idiom: to ignore completely / cold shoulder,,不理不睬,bùlǐbùcǎi,5
"verb: to break through a level / pass a stage (games, exams, bureaucracy)",,闯关,chuǎngguān,5
verb: to block (a physical object or path),,挡住,dǎngzhù,5
"verb: to seize / to win (a title, prize, etc.)",,夺得,duódé,5
noun/adverb: the next day / every other day,,隔天,gétiān,5
noble,,贵,guì,5
noun: video editor / film editor,,剪辑师,jiǎnjíshī,5
ride hailing service,,叫车服务,jiàochēfúwù,5
idiom: tremendous effort / with all one’s strength,,九牛二虎之力,jiǔniúèrhǔzhīlì,5
class room,,课室,kèshì,5
verb (set phrase): to celebrate the New Year / to pass from one year into the next,,跨年,kuànián,5
verb: to study hard / to study bitterly,,苦读,kǔdú,5
idiom: to cram at the last minute / seek help too late,,临时抱佛脚,línshíbàofójiǎo,5
verb: to bury one’s head in / to be absorbed in,,埋头,máitóu,5
idiom: to bury oneself in hard study,,埋头苦读,máitóukǔdú,5
idiom: to lose one’s reputation completely,,名誉扫地,míngyùsǎodì,5
Motorcycle,,摩托车,mótuōchē,5
verb phrase: to owe money,,欠钱,qiànqián,5
verb: to fight over being the first to do something / volunteer aggressively,,抢当,qiǎngdāng,5
idiom: to be out of breath,,上气不接下气,shàngqìbùjiēxiàqì,5
Delivery,,送货,sònghuò,5
verb: to inhale / to breathe in,,吸入,xīrù,5
noun: nutrients,,养分,yǎngfèn,5
adverb: directly facing / head-on,,迎面,yíngmiàn,5
application,,应用程序,yìngyòngchéngxù,5
verb phrase: to talk to oneself,,自言自语,zìyánzìyǔ,5
verb: to grow big (usually referring to a business or brand),,做大,zuòdà,5
idiom: inseparable (like body and shadow),,形影不离,xíng yǐng bù lí,5
verb: to make peace / to reconcile,,和好,héhǎo,5
expression: (as good) as before / as it was at the beginning,,如初,rúchū,5
verb: to tremble / to shake,,抖动,dǒudòng,5
phrase: fight for the championship,,争夺冠军,zhēngduó guànjūn,5
noun: hierarchy / ranks (in terms of status or age),,尊卑,zūnbēi,5
phrase: to respect elders,,尊敬长辈,zūnjìng zhǎngbèi,5
verb: to pick up (something lost or dropped),,捡到,jiǎndào,5
noun: podcast,,播客,bōkè,5
noun: jerk / toxic guy (emotionally harmful in relationships) (slang),,渣男,zhānán,5
noun: Literary & Arts Department (in a club or student council),,文艺部,wényì bù,5
noun: club room / department office (in school or student clubs),,部室,bùshì,5
verb: to survive / to stay alive,,存活,cúnhuó,5
adjective: alone / without company,,孤身,gūshēn,5
noun: place of residence,,住所,zhùsuǒ,5
adjective: amazing / awesome,,超棒,chāobàng,5
"adjective: gloomy / overcast (weather, mood)",,阴沉,yīnchén,5
adjective: lowly / humble (often emotionally),,卑微,bēiwēi,5
phrase: in the end / ultimately,,归根到底,guīgēndàodǐ,5
verb: to stay temporarily / to live (esp. humbly or as a guest),,栖身,qīshēn,5
adjective: pure and innocent (usually describes girls or image),,清纯,qīngchún,5
noun: suggestive energy / sexiness (often playful or teasing) (internet slang),,色气,sèqì,5
verb: to tease or flirt (negative/slightly inappropriate tone),,调戏,tiáoxì,5
"verb: to entertain oneself / to make fun (of someone, often lightly)",,取乐,qǔlè,5
noun: canine tooth / fang-like tooth (often used cutely),,虎牙,hǔyá,5
noun: destructive power (literal or figurative),,杀伤力,shāshānglì,5
"noun: economy
adjective: economical / affordable",,经济,jīngjì,5
verb: to use / make use of,,利用,lìyòng,5
"verb: to possess (formal, used for abstract qualities)",,具有,jùyǒu,5
noun: identity / status,,身份,shēnfèn,5
noun: body figure,,身材,shēncái,5
adjective: slim / slender,,苗条,miáotiao,5
noun: type / category,,类型,lèixíng,5
verb: to pretend to be / disguise as,,装成,zhuāngchéng,5
verb: to guard against / be prepared for,,防备,fángbèi,5
adjective: careless / rash,,冒失,màoshi,5
noun: bullseye / center of a target,,靶心,bǎxīn,5
adjective: cool and aloof (appearance or personality) (internet slang),,高冷,gāolěng,5
"verb: to estimate / guess
adverb: probably / I suppose",,估计,gūjì,5
noun: posture / attitude (also metaphorically),,姿态,zītài,5
noun: intuition / instinct,,直觉,zhíjué,5
adjective: lonely,,寂寞,jìmò,5
adverb: a little / slightly,,稍微,shāowēi,5
verb: to trouble / bother,,困扰,kùnrǎo,5
verb: to blame / reproach,,责备,zébèi,5
verb: to envy / admire,,羡慕,xiànmù,5
adjective: unbelievable / inconceivable,,不可思议   ,bùkě sīyì,5
idiom (noun): childhood sweethearts / grew up together,,青梅竹马,qīngméi zhúmǎ,5
adverb: truly / indeed,,确实 ,quèshí,5
noun/adjective: pornography / pornographic,,色情,sèqíng,5
noun: the truth,,实话 ,shíhuà,5
adjective: so-called / what is known as,,所谓 ,suǒwèi,5
adjective: confused / muddle-headed,,糊涂,hútú,5
idiom (adj): a complete mess / total chaos,,一塌糊涂,yī tà hútú,5
verb (literary/rare): to think deeply / reflect in detail,,详思,xiángsī,5
verb: to request earnestly / (casual) please!,,拜托,bàituō,5
noun: cheeks / face (cute way),,脸蛋 ,liǎndàn,5
verb: to calm the mind,,静心,jìngxīn,5
verb: to recover from illness / rest and heal,,养病,yǎngbìng,5
phrase: turn sideways / with body angled,,侧着身子,cèzhe shēnzi,5
conjunction: once / in case,,一旦,yídàn,5
adjective: timid / cowardly,,胆小,dǎnxiǎo,5
"noun: building / architecture
verb: to construct",,建筑,jiànzhù,5
verb: to build / construct (esp. large-scale structures),,建造,jiànzào,5
noun: exception,,例外,lìwài,5
adverb: especially / particularly,,格外,géwài,5
noun (phrase): outside of / besides,,之外,zhīwài,5
verb: to expand / to enlarge,,扩大,kuòdà,5
noun: field of vision / perspective,,视野,shìyě,5
"verb: to worsen / increase (a burden, illness, punishment)",,加重,jiāzhòng,5
"verb: to grow / to increase (abstract things like knowledge, population, etc.)",,增长,zēngzhǎng,5
noun: ability / talent,,才干,cáigàn,5
"verb: to suggest / propose
noun: proposal / suggestion",,提议,tíyì,5
verb / noun: to argue / argument,,争论,zhēnglùn,5
phrase (verb pattern): won’t work / impractical,,行不通,xíng bu tōng,5
"verb: to add / increase (usually emotions, atmosphere, not quantity)",,增添,zēngtiān,5
noun: resistance / immunity,,抵抗力,dǐkànglì,5
verb / noun: to camp / camping,,露营,lùyíng,5
adjective: flexible / adaptable,,灵活,línghuó,5
verb: to treat as / to regard as,,当作,dàngzuò,5
noun: craftsmanship / skill (esp. with hands),,手艺,shǒuyì,5
adverb: gradually,,渐渐,jiànjiàn,5
adverb: slowly / gently (usually literary tone),,缓缓,huǎnhuǎn,5
adverb: hastily / hurriedly,,匆匆,cōngcōng,5
adverb: one after another / in succession,,纷纷,fēnfēn,5
verb: to defeat / to overcome,,战胜,zhànshèng,5
conjunction: otherwise / if not,,否则,fǒuzé,5
verb phrase: to accomplish nothing,,无成,wúchéng,5
verb: to keep firmly in mind / remember deeply,,牢记,láojì,5
"preposition / verb: for (on behalf of), to replace",,替,tì,5
verb (spoken): to look / to see,,瞧,qiáo,5
verb: to split / to crack open,,裂开,lièkāi,5
verb: to criticize / to blame,,指责,zhǐzé,5
verb: to take anger out on (someone),,迁怒,qiānnù,5
verb phrase: to be reasonable,,讲理,jiǎnglǐ,5
verb phrase: to be unreasonable,,不讲理,bù jiǎnglǐ,5
verb: to do business,,经商,jīngshāng,5
verb: to inspire / to arouse,,激发,jīfā,5
"verb: to promote / enhance (e.g. relationships, understanding)",,增进,zēngjìn,5
noun: parent-child relationship,,亲子关系,qīnzǐ guānxì,5
noun: working committee,,工作委员会,gōngzuò wěiyuánhuì,5
verb / noun: to contact / connection,,联络,liánluò,5
noun: liaison office,,联络所,liánluò suǒ,5
noun: a series of,,一系列,yíxìliè,5
idiom (adjective): rich and colorful / diverse and wonderful,,丰富多彩,fēngfù duōcǎi,5
noun suffix: and other places,,等地,děngdì,5
noun: traditional ethnic clothing,,民族服,mínzúfú,5
adverb: as soon as possible / without delay (formal or official tone),,从速,cóngsù,5
"noun: quota / allocated spot (e.g., for applications, programs)",,名额,míng’é,5
noun: drama / play,,戏剧,xìjù,5
verb: to hunt for treasure,,寻宝,xúnbǎo,5
verb / noun: to enter a venue / admission,,入场,rùchǎng,5
noun: lecture / seminar,,讲座,jiǎngzuò,5
noun: detailed information,,详情,xiángqíng,5
verb / noun: to check / to inquire / inquiry,,查询,cháxún,5
"verb: to feed and raise (used for pets, animals, infants)",,喂养,wèiyǎng,5
"verb: to feed (usually just the act of giving food, not raising)",,喂食,wèishí,5
verb / noun: to fine / fine,,罚款,fákuǎn,5
noun: nature reserve,,自然保护区,zìrán bǎohùqū,5
noun: illegal behavior,,非法行为,fēifǎ xíngwéi,5
noun: the public,,公众,gōngzhòng,5
noun: the authorities,,当局,dāngjú,5
"verb: to erect / to set upright (e.g., a sign, a statue)",,竖立,shùlì,5
noun: notice board / sign,,告示牌,gàoshìpái,5
noun: manpower / staff,,人手,rénshǒu,5
verb: to send additional personnel / reinforce,,增派,zēngpài,5
adjective: illegal,,非法,fēifǎ,5
verb: to inspect / to check carefully,,察看,chákàn,5
verb / noun: to report (to authorities) / report,,举报,jǔbào,5
noun: special line / dedicated hotline,,专线,zhuānxiàn,5
noun: means / method (often neutral or slightly negative),,手段,shǒuduàn,5
verb: to intimidate / deter by threat,,阻吓,zǔhè,5
noun: the wild / outdoors,,野外,yěwài,5
"adjective: clear / explicit
verb: to clarify",,明确,míngquè,5
verb: to bring one’s own,,自备,zìbèi,5
adverbial phrase: extremely many / a great deal,,多得不得了,duō de bù dé liǎo,5
verb / adjective: unwilling / not willing,,不愿,bùyuàn,5
verb: to look for / seek,,寻找,xúnzhǎo,5
adverb: then turn to / instead,,转而,zhuǎn’ér,5
verb: to rely on / depend on,,依靠,yīkào,5
adjective: harmful,,有害,yǒuhài,5
noun: plastic bag,,塑料袋子,sùliào dàizi,5
verb: to attempt / try to,,试图,shìtú,5
verb: to snatch / seize by force,,抢夺,qiǎngduó,5
noun/adjective: aggressiveness / aggressive nature,,攻击性,gōngjīxìng,5
noun phrase: during the process / in the course of,,过程中,guòchéng zhōng,5
verb: to be fully ripe / well-cooked,,熟透,shú tòu,5
"adjective: stable (emotionally or socially)
verb: to stabilize",,安定,āndìng,5
verb: to arrange / to line up,,排列,páiliè,5
idiom: a small flaw in something otherwise perfect,,美中不足,měi zhōng bù zú,5
noun phrase: multiracial / ethnically diverse,,多元种族,duōyuán zhǒngzú,5
"adjective: graceful, beautiful (used for language, scenery, actions)",,优美,yōuměi,5
noun/adjective: bilingual,,双语,shuāngyǔ,5
noun: public security / law and order,,治安,zhì'ān,5
"verb: to ensure / guarantee
noun: safeguard / protection",,保障,bǎozhàng,5
adjective: good / fine (formal use),,良好,liánghǎo,5
adverb: everywhere / anywhere,,随处,suíchù,5
"noun: glory / radiance
adjective (lit.): glorious-looking (less common in modern usage)",,光彩,guāngcǎi,5
verb: to praise / to commend,,赞扬,zànyáng,5
adjective / verb: proud (in a positive sense),,自豪,zìháo,5
idiom: to put oneself in someone else’s shoes,,设身处地,shè shēn chǔ dì,5
noun: facilities,,设施,shèshī,5
noun: eve / the day before (usually a big event),,前夕,qiánxī,5
noun: newspaper office / publishing house,,报馆,bàoguǎn,5
noun: family financial situation,,家境,jiājìng,5
adjective: poor (economically),,贫穷,pínqióng,5
verb: to draw / to depict vividly (including writing),,描画,miáohuà,5
noun: slum / poor neighborhood,,贫民区,pínmínqū,5
verb: to guess / speculate,,猜测,cāicè,5
adverb: exactly / after all (used for emphasis in questions),,究竟,jiūjìng,5
idiom: puzzled and unable to understand,,迷惑不解,míhuò bù jiě,5
pronoun: the rest / the others,,其余,qíyú,5
"noun: hardship / difficulty
adjective: difficult / impoverished",,困苦,kùnkǔ,5
"verb: to deeply receive (often used with influence, impact, etc.)",,深受,shēnshòu,5
"adjective: difficult / tough
noun: difficulty (as in 艰难的日子)",,艰难,jiānnán,5
idiom: dim and dull / without light or hope,,暗淡无光,àndàn wú guāng,5
"verb: to pay / to give (usually effort, time, cost)",,付出,fùchū,5
verb: to long for / to thirst for,,渴望,kěwàng,5
"verb: to rise up to (a higher level, rank, grade, etc.)",,升上,shēngshàng,5
noun: new model / latest version,,新款,xīnkuǎn,5
verb: to dote on / to spoil with love,,宠爱,chǒng'ài,5
noun: headwear / hair accessory,,头饰,tóushì,5
noun: tattoo,,纹身,wénshēn,5
adverb: at first / initially,,起初,qǐchū,5
noun: text message / SMS,,短讯,duǎnxùn,5
"verb (compound): to transmit and receive (e.g., signals, messages)",,传收,chuánshōu,5
verb: to lure / tempt / seduce,,引诱,yǐnyòu,5
verb: to plead / to beg (with sorrow or desperation),,哀求,āiqiú,5
noun: salary / wages,,薪水,xīnshuǐ,5
"noun: gaze / vision (literal or figurative, e.g., foresight)",,目光,mùguāng,5
adjective: ashamed / embarrassed (for one's mistake or unworthiness),,惭愧,cánkuì,5
adverb: immediately after / right afterward,,紧接着,jǐn jiē zhe,5
adjective/adverb: rapid / quickly,,迅速,xùnsù,5
phrase: to follow trends,,跟随潮流,gēnsuí cháoliú,5
verb: to download,,下载,xiàzǎi,5
"verb: to share (content, emotions, etc.)",,分享,fēnxiǎng,5
noun: number of times / frequency,,次数,cìshù,5
adverb/conjunction: even / so much so that...,,甚至,shènzhì,5
idiom: to not fall behind others / to keep up,,不落人后,bù luò rén hòu,5
noun: energy (mental or physical),,精力,jīnglì,5
phrase/adverb: unconsciously / before you realize it,,不知不觉,bù zhī bù jué,5
verb: to fall behind / regress,,退步,tuìbù,5
adverb: suddenly / abruptly,,猛然,měngrán,5
idiom: it's already too late,,为时已晚,wéi shí yǐ wǎn,5
adjective: dazzling / harsh to the eyes,,刺眼,cìyǎn,5
verb: to wake someone up by knocking / figuratively: to alert or awaken (mentally),,敲醒,qiāoxǐng,5
noun: number of digits,,位数,wèishù,5
phrase: to return to normal,,恢复正常,huīfù zhèngcháng,5
noun (slang): smartphone addiction,,手机毒,shǒujī dú,5
"noun: convenience
adjective: convenient",,便利,biànlì,5
"verb: to update / renew
noun: update, renewal",,更新,gēngxīn,5
verb: to speak frankly / get to the point,,直说,zhíshuō,5
noun: tone (of voice or speech),,语气,yǔqì,5
verb: to rub down / to lightly rub (esp. in massages or expressing gentleness),,揉下,róuxià,5
adjective: soft / flexible,,柔软,róuruǎn,5
"adjective: fierce, intense
adverb: suddenly, violently",,猛,měng,5
adjective (colloquial): super soft,,超软,chāoruǎn,5
verb (compound): upon smelling once,,一闻,yīwén,5
"verb: to emit / to give off (light, smell, energy, etc.)",,散发,sànfā,5
adjective (slang): super fragrant / smells amazing,,超香,chāoxiāng,5
noun: taste / smell / flavor,,味道,wèidào,5
verb: to touch / to feel (by hand),,触摸,chùmō,5
"auxiliary verb: should / ought to
pronoun: that / the said (formal/literary)",,该,gāi,5
"verb: to force someone to do something
adjective: reluctant / barely acceptable",,勉强,miǎnqiǎng,5
"noun: style / design (of clothing, products)",,款式,kuǎnshì,5
noun: deep place / deep inside (physical or abstract),,深处,shēnchù,5
"verb: to carry in one’s bosom / to harbor (feelings, dreams)",,怀揣,huáichuāi,5
verb: to persuade and entice (often negative),,劝诱,quànyòu,5
verb/adjective: to have good luck / be lucky,,走运,zǒuyùn,5
noun suffix: land/place of… (formal/literary),,之地,zhī dì,5
"verb: to spend / get through (time, period)",,度过,dùguò,5
noun: aura / presence (colloquial),,气场,qìchǎng,5
verb: to step into / enter (often formal or figurative),,踏入,tàrù,5
phrase: formed a contrast,,形成了对比,xíngchéng le duìbǐ,5
"noun: degree / extent / unit
verb: to spend (time, formal)",,度,dù,5
idiom (adjective): extraordinary / out of the ordinary,,非比寻常,fēibǐxúncháng,5
modal particle: just / nothing more than (downplaying tone),,罢了,bàle,5
"adjective: dull / blank / slow
verb: to stay",,呆,dāi,5
noun: top of the head / overhead,,头顶,tóudǐng,5
noun: tiptoe / toes,,脚尖,jiǎojiān,5
preposition/verb: as (someone’s role or identity),,身为,shēnwéi,5
idiom/slang: go all out / full power,,火力全开,huǒlì quán kāi,5
adjective: detailed,,详细,xiángxì,5
noun: way of saying / explanation / claim,,说法,shuōfǎ,5
verb: to ask earnestly / please (casual),,拜托,bàituō,5
conjunction: even if,,即使,jíshǐ,5
verb: happen to be at (a time/period),,正值,zhèngzhí,5
verb: to join a club/department (school use),,入部,rùbù,5
adjective: vulgar / indecent,,下流,xiàliú,5
noun phrase: a place to stay / shelter,,栖身之地,qīshēnzhīdì,5
"adjective: honest / well-behaved
adverb: obediently",,老实,lǎoshi,5
verb: to hold on by force / tough it out,,硬撑,yìngchēng,5
noun/adverb: instant / in an instant,,瞬间,shùnjiān,5
verb: to restrain / hold back (emotions),,按捺/按耐,ànnà/ ànnài,5
verb/noun: to praise / praise,,夸奖,kuājiǎng,5
verb: to clamp / grip tightly,,夹紧,jiājǐn,5
verb/noun: to rub / friction / conflict,,摩擦,mócā,5
verb: to shrink / contract,,收缩,shōusuō,5
noun: turning point / opportunity / trigger,,契机,qìjī,5
adverb: all at once / without thinking,,一股脑,yì gǔ nǎo,5
"verb: To steamroll; to crush an opponent or task with overwhelming force or efficiency. (gaming)
verb: To push horizontally; a level push. (standard meaning)
",,平推,píngtuī,5
verb: to get done / settle / handle,,搞定,gǎodìng,5
verb: to taste for the first time,,初尝,chūcháng,5
verb: to refuse,,拒绝,jùjué,5
idiom: something that goes without saying; perfectly justified,,理所应当,lǐsuǒyīngdāng,5
phrase: whenever … always …,,逢...必...,féng … bì …,5
verb: to be willing to; would rather,,情愿,qíngyuàn,5
verb: to melt; to soften emotionally,,融化,rónghuà,5
"adjective: casual; not strict
adverb: casually; at will",,随意,suíyì,5
"noun: agreement; appointment
verb: to agree on; to make an appointment",,约定,yuēdìng,5
verb: to obey; to comply with,,遵守,zūnshǒu,5
"adjective: crazy; insane
noun: madness; obsession",,疯狂,fēngkuáng,5
verb (phrase): to be unable to hold on; to collapse,,撑不住,chēngbúzhù,5
"adjective: excited; emotionally stirred
verb: to excite; to move emotionally",,激动,jīdòng,5
noun: duty; responsibility,,职责,zhízé,5
adverb: deliberately; specially,,特意,tèyì,5
"verb: to dress up; to style
noun: appearance; outfit",,打扮,dǎban,5
"verb: to invite
noun: invitation",,邀请,yāoqǐng,5
idiom: without rest day and night,,不眠不休,bùmiánbùxiū,5
"noun: god; deity
adjective (slang): amazing; god-tier",,神,shén,
"verb (phrase): to come back to one’s senses
",,回过神来,huíguòshénlái,5
"adjective: awkward; embarrassing
noun: embarrassment",,尴尬,gāngà,5
verb: to dislike; to look down on,,嫌弃,xiánqì,5
"noun: rationality; reason
adjective: rational; logical",,理性,lǐxìng,5
noun (literary): a fine night; a wonderful evening,,良宵,liángxiāo,5
adverb: after all; ultimately,,毕竟,bìjìng,5
"verb: to hold firmly
verb: to control; to dominate",,把持,bǎchí,5
noun: resting one’s head on someone’s lap,,膝枕,xīzhěn,5
adjective: respectful; deferential,,恭敬,gōngjìng,5
verb (classical / polite): to obey; to comply,,从命,cóngmìng,5
idiom: it’s better to comply than to be overly polite,,恭敬不如从命,gōngjìngbùrúcóngmìng,5
verb (phrase): to be immersed in it,,沉浸其中,chénjìnqízhōng,5
idiom: to live frugally; to scrimp and save,,省吃俭用,shěngchījiǎnyòng,5
"noun: savings
verb: to save up",,积蓄,jīxù,5
adjective: sudden; unexpected,,突如其来,tūrúqílái,5
"verb: to shock
adjective: shocking",,震惊,zhènjīng,5
verb: to be spread all over,,遍布,biànbù,5
noun: complaint; grievance,,怨言,yuànyán,5
verb: to seek refuge with; to rely on,,投靠,tóukào,5
adjective: seriously ill,,病重,bìngzhòng,5
idiom: to have no special skills,,无一技之长,wúyījìzhīcháng,5
noun: distant relative,,远房亲戚,yuǎnfángqīnqi,5
noun: relative,,亲戚,qīnqi,5
noun: circus,,马戏团,mǎxìtuán,5
noun: wife (formal); madam,,夫人,fūrén,5
idiom: to endure hunger,,忍饥挨饿,rěnjīáigè,5
preposition / verb: according to; in accordance with,,依照,yīzhào,5
idiom: to say the same thing in unison,,异口同声,yìkǒutóngshēng,5
idiom: not to say a single word,,一言不发,yīyánbùfā,5
noun: stunt; special skill,,特技,tèjì,5
noun: stunt performer; stunt artist,,特技艺人,tèjìyìrén,5
verb: to waste (effort); to be in vain,,白费,báifèi,5
conjunction: since; now that,,既然,jìrán,5
noun: work guide; job manual,,工作指南,gōngzuòzhǐnán,5
"verb: to manage finances
noun: financial management",,理财,lǐcái,5
"noun: budget
verb: to budget",,预算,yùsuàn,5
verb: to get by; to live day to day,,度日,dùrì,5
verb: to live; to make a living,,过活,guòhuó,5
noun: monthly salary,,月薪,yuèxīn,5
noun: traffic accident; car crash,,车祸,chēhuò,5
verb: to finish studying; to complete schooling,,念完,niànwán,5
verb: to suspend schooling; to drop out temporarily,,停学,tíngxué,5
verb: to support a family,,养家,yǎngjiā,5
noun: living expenses; allowance,,生活费,shēnghuófèi,5
noun: financial aid; subsidy,,援助金,yuánzhùjīn,5
,,开支,,5
,,如今,,5
,,仍旧,,5
,,尽管,,5
,,减至,,5
,,缩紧腰带,,5
,,嫁,,5
,,娶,,5
,,实在 ,,5
,,某个,,5
,,逢叫必出,,5
,,,,5
,,,,5
,,,,5
,,,,5
,,,,5
,,,,5
,,,,5
,,,,5
,,,,5
,,,,5
,,,,5
,,,,5
,,,,5
,,,,5
,,,,5
,,,,5
,,,,5
,,,,5
,,,,5
,,,,5
,,,,5
,,,,5
,,,,5
,,,,5
,,,,5
,,,,5
,,,,5
,,,,5
,,,,5
,,,,5
,,,,5
,,,,5
,,,,5
,,,,5
,,,,5
,,,,5
,,,,5
,,,,5
,,,,5
,,,,5
,,,,5
,,,,5
,,,,5
,,,,5
,,,,5
,,,,5
,,,,5
,,,,5
,,,,5
,,,,5
,,,,5
,,,,5
,,,,5
,,,,5
,,,,5
,,,,5
,,,,5
,,,,5
,,,,5
,,,,5
,,,,5
,,,,5
,,,,5
,,,,5
,,,,5
,,,,5
,,,,5
,,,,5
,,,,5
,,,,5
,,,,5
,,,,5
,,,,5
,,,,5
,,,,5
,,,,5
,,,,5
,,,,5
,,,,5
,,,,5
,,,,5
,,,,5
,,,,5
,,,,5
,,,,5
,,,,5
,,,,5
,,,,5
,,,,5
,,,,5
,,,,5
,,,,5
,,,,5
,,,,5
,,,,5
,,,,5
,,,,5
,,,,5
,,,,5
,,,,5
,,,,5
,,,,5
,,,,5
,,,,5
,,,,5
,,,,5
,,,,5
,,,,5
,,,,5
,,,,5
,,,,5
,,,,5
,,,,5
,,,,5
,,,,5
,,,,5
,,,,5
,,,,5
,,,,5
,,,,5
,,,,5
,,,,5
,,,,5
,,,,5
,,,,5
,,,,5
,,,,5
,,,,5
,,,,5
,,,,5
,,,,5
,,,,5
,,,,5
,,,,5
,,,,5
,,,,5
,,,,5
,,,,5
,,,,5
,,,,5
,,,,5
,,,,5
,,,,5
,,,,5
,,,,5
,,,,5
,,,,5
,,,,5
,,,,5
,,,,5
,,,,5
,,,,5
,,,,5
,,,,5
,,,,5
,,,,5
,,,,5
,,,,5
,,,,5
,,,,5
,,,,5
,,,,5
,,,,5
,,,,5
,,,,5
,,,,5
,,,,5
,,,,5
,,,,5
,,,,5
,,,,5
,,,,5
,,,,5
,,,,5
,,,,5
,,,,5
,,,,5
,,,,5
,,,,5
,,,,5
,,,,5
,,,,5
,,,,5
,,,,5
,,,,5
,,,,5
,,,,5
,,,,5
,,,,5
,,,,5
,,,,5
,,,,5
,,,,5
,,,,5
,,,,5
,,,,5
,,,,5
,,,,5
,,,,5
,,,,5
,,,,5
,,,,5
,,,,5
,,,,5
,,,,5
,,,,5
,,,,5
,,,,5
,,,,5
,,,,5
,,,,5
,,,,5
,,,,5
,,,,5
,,,,5
,,,,5
,,,,5
,,,,5
,,,,5
,,,,5
,,,,5
,,,,5
,,,,5
,,,,5
,,,,5
,,,,5
,,,,5
,,,,5
,,,,5
,,,,5
,,,,5
,,,,5
,,,,5
,,,,5
,,,,5
,,,,5
,,,,5
,,,,5
,,,,5
,,,,5
,,,,5
,,,,5
,,,,5
,,,,5
,,,,5
,,,,5
,,,,5
,,,,5
,,,,5
,,,,5
,,,,5
,,,,5
,,,,5
,,,,5
,,,,5
,,,,5
,,,,5
,,,,5
,,,,5
,,,,5
,,,,5
,,,,5
,,,,5
,,,,5
,,,,5
,,,,5
,,,,5
,,,,5
,,,,5
,,,,5
,,,,5
,,,,5
,,,,5
,,,,5
,,,,5
,,,,5
,,,,5
,,,,5
,,,,5
,,,,5
,,,,5
,,,,5
,,,,5
,,,,5
,,,,5
,,,,5
,,,,5
,,,,5
,,,,5
,,,,5
,,,,5
,,,,5
,,,,5
,,,,5
,,,,5
,,,,5
,,,,5
,,,,5
,,,,5
,,,,5
,,,,5
,,,,5
,,,,5
,,,,5
,,,,5
,,,,5
,,,,5
,,,,5
,,,,5
,,,,5
,,,,5
,,,,5
,,,,5
,,,,5
,,,,5
,,,,5
,,,,5
,,,,5
,,,,5
,,,,5
,,,,5
,,,,5
,,,,5
,,,,5
,,,,5
,,,,5
,,,,5
,,,,5
,,,,5
,,,,5
,,,,5
,,,,5
,,,,5
,,,,5
,,,,5
,,,,5
,,,,5
,,,,5
,,,,5
,,,,5
,,,,5
,,,,5
,,,,5
,,,,5
,,,,5
,,,,5
,,,,5
,,,,5
,,,,5
,,,,5
,,,,5
,,,,5
,,,,5
,,,,5
,,,,5
,,,,5
,,,,5
,,,,5
,,,,5
,,,,5
,,,,5
,,,,5
,,,,5
,,,,5
,,,,5
,,,,5
,,,,5
,,,,5
,,,,5
,,,,5
,,,,5
,,,,5
,,,,5
,,,,5
,,,,5
,,,,5
,,,,5
,,,,5
,,,,5
,,,,5
,,,,5
,,,,5
,,,,5
,,,,5